subDomainID,subDomain,DomainID
1,"Agriculture, sylviculture",79
2,"Élevage, pêche",79
3,Environnement,80
4,Maintenance,81
5,Nettoyage,81
6,Culture et patrimoine,82
7,Industrie - Alimentaire,83
8,Industries,84
9,Médical,85
10,Soins animaliers,85
11,Service à la personne,86
12,Spectacle,87
13,Audiovisuel,87
14,Artisanat d'art,87
15,Commerce de gros,88
16,Commerce de détail,88
17,Grande distribution,88
18,Imprimerie,89
19,Papier,89
20,Industrie - Textile et mode,90
21,Banque,91
22,Assurance,91
23,Finance,91
24,Immobilier,92
25,Sport,93
26,Animation et loisir,93
27,Communication et marketing,94
28,Automobile,95
29,Informatique,96
30,Télécommunication,96
31,Édition,97
32,Architecture,98
33,Étude des sols et des bâtiments,98
34,Normes,98
35,BTP,99
36,Gros Œuvre,99
37,Second Œuvre,99
38,Industrie - Métallurgie,100
39,Tourisme,101
40,Restauration,102
41,Hôtellerie,102
42,Gestion administrative,103
43,Ressources humaines,103
44,Industrie - Électronique,104
45,Recherche,105
46,Industrie - Chimie,106
47,Industrie - Bois,107
48,Énergie,108
49,Social,109
50,Activités juridiques,110
51,Comptabilité,110
52,Défense,111
53,Sécurité,111
54,Service public,111
55,Enseignement,112
56,"Conseil, orientation et formation",112
57,Logistique et courrier,113
58,Transport,113
