interestID,jobID
1,I1634
1,F1132
1,I1202
1,H1240
1,I1633
1,H2220
1,F1706
1,I1201
1,I1210
1,I1637
1,F1101
1,F1121
1,F1144
1,M1835
1,F1127
1,H2201
1,H2604
1,F1126
1,H1208
1,F1125
1,H1215
1,H2601
1,H2608
1,F1402
1,E1127
1,B1804
1,H2602
1,F1626
1,F1608
1,F1135
1,F1137
1,K1718
1,F1503
1,F1504
1,H2919
1,H2902
1,I1308
1,H2607
1,I1332
1,F1206
1,A1207
1,H2505
1,F1207
1,F1203
1,F1202
1,F1209
1,H1238
1,H1228
1,F1701
1,F1140
1,A1206
1,E1119
1,F1303
1,F1302
1,F1201
1,F1208
1,F1114
1,K1607
1,F1130
1,H1223
1,F1619
1,F1139
1,B1302
1,F1709
1,I1508
1,H2209
1,H1202
1,E1211
1,F1104
1,M1840
1,F1205
1,F1210
1,F1134
1,F1505
1,F1120
1,F1629
1,F1602
1,I1335
1,F1613
1,M1305
1,F1611
1,F1401
1,I1306
1,H2416
1,F1301
1,F1124
1,H2408
1,F1112
1,F1122
1,F1106
1,F1116
1,H2502
1,H1225
1,H1237
1,F1145
1,F1141
1,H2508
1,F1111
1,I1104
1,H1206
1,M1829
1,F1620
1,F1610
1,F1708
1,A1208
1,A1220
1,F1703
1,F1707
1,F1713
1,F1710
1,F1704
1,H1227
1,I1602
1,I1635
1,I1603
1,H1245
1,H2206
1,F1607
1,H2213
1,H2214
1,B1601
1,F1108
1,F1605
1,F1501
1,F1625
1,F1622
1,B1614
1,F1502
1,F1623
1,H2606
1,H2605
1,I1501
1,L1505
1,H2211
1,H3401
1,B1613
1,A1202
1,F1506
1,H2921
1,F1702
1,I1609
1,F1606
1,F1604
1,F1601
1,F1603
1,I1502
1,H3409
1,F1705
1,F1615
1,F1627
1,F1618
1,F1616
1,F1609
1,F1617
1,F1711
1,F1614
1,I1601
1,I1614
1,I1626
1,A1425
1,F1621
1,H2507
1,C1506
1,H1218
1,H1216
1,H1213
1,H1220
1,H1222
1,H1219
1,I1120
1,B1403
1,H1229
1,B1602
1,F1624
1,F1612
1,B1806
1,H1239
1,I1511
1,H1232
1,I1324
1,F1630
1,H2212
1,I1316
1,I1303
1,K2314
1,I1323
1,A1318
1,H1246
1,H1235
1,H1233
1,H1209
1,H1217
1,I1336
1,M1816
1,I1325
1,B1815
1,H2210
1,K1807
1,E1206
1,B1618
1,E1210
2,N1201
2,H2219
2,H2204
2,E1313
2,N4204
2,N4401
2,F1144
2,L1304
2,H1211
2,K1915
2,K2403
2,C1403
2,N3110
2,A1406
2,N3115
2,M1720
2,L1311
2,H1507
2,G1705
2,I1332
2,I1108
2,I1112
2,I1110
2,H2501
2,F1206
2,I1333
2,A1207
2,A1212
2,H2426
2,N1107
2,H2504
2,I1206
2,H2513
2,H2505
2,N1112
2,A1211
2,F1207
2,K2103
2,H2715
2,L1214
2,F1203
2,K1744
2,F1202
2,F1209
2,G1601
2,A1420
2,E1303
2,M1709
2,N1207
2,D1111
2,H2424
2,H3304
2,K1719
2,H2506
2,M1703
2,H1238
2,M1721
2,F1136
2,M1853
2,M1854
2,M1886
2,E1401
2,G1810
2,D1503
2,D1502
2,D1513
2,G1706
2,D1517
2,D1510
2,C1123
2,K1716
2,I1123
2,K1409
2,M1223
2,D1417
2,L1525
2,G1808
2,D1112
2,L1517
2,L1527
2,L1524
2,N4404
2,L1514
2,D1117
2,G1806
2,M1423
2,K1910
2,N3112
2,L1520
2,H3102
2,A1218
2,F1201
2,A1213
2,A1221
2,F1208
2,H1518
2,C1126
2,C1122
2,K1817
2,N1306
2,C1103
2,L1319
2,L1305
2,H1107
2,G1237
2,K1401
2,C1207
2,K1424
2,K2144
2,K2606
2,G1406
2,G1103
2,K1413
2,K2120
2,G1402
2,K1407
2,K1608
2,K1420
2,K1403
2,K1415
2,M1422
2,G1414
2,G1411
2,G1416
2,C1213
2,M1304
2,M1306
2,K1423
2,L1317
2,K1421
2,K1219
2,B1814
2,K2121
2,E1128
2,M1303
2,M1708
2,M1218
2,I1101
2,E1415
2,E1110
2,G1410
2,D1504
2,K1614
2,G1412
2,L1308
2,H2510
2,M1870
2,M1840
2,G1413
2,H1104
2,M1503
2,K1416
2,M1803
2,G1408
2,G1405
2,D1406
2,I1122
2,F1205
2,F1210
2,H1512
2,A1312
2,A1219
2,N1304
2,K2148
2,M1428
2,K1227
2,M1205
2,M1715
2,N3211
2,K1422
2,D1512
2,K1410
2,G1214
2,M1301
2,A1439
2,K2505
2,K1740
2,M1211
2,G1417
2,G1415
2,D1301
2,D1437
2,C1304
2,C1306
2,G1503
2,G1504
2,H1533
2,H2509
2,H1410
2,I1102
2,H2502
2,H2714
2,A1319
2,F1145
2,K2312
2,I1121
2,K2117
2,K2315
2,C1121
2,M1217
2,G1802
2,K1816
2,M1506
2,J1105
2,N3106
2,N3101
2,N3111
2,L1210
2,K1504
2,K1710
2,N2102
2,N3105
2,N2103
2,K1405
2,B1808
2,L1306
2,K1746
2,L1509
2,L1512
2,K1728
2,I1610
2,M1206
2,H1103
2,D1230
2,G1304
2,C1104
2,C1505
2,N4201
2,M1713
2,H2511
2,H2512
2,E1309
2,I1107
2,E1116
2,M1404
2,N4304
2,I1326
2,G1404
2,F1211
2,M1862
2,N3202
2,N3201
2,N4205
2,H2503
2,D1225
2,K2146
2,K2116
2,K2316
2,D1302
2,D1508
2,I1119
2,K2302
2,H1532
2,C1108
2,D1509
2,H1242
2,A1217
2,G1249
2,M1701
2,K1703
2,H1501
2,H1517
2,M1878
2,M1812
2,H2507
2,D1305
2,I1105
2,K1218
2,I1109
2,M1302
2,D1435
2,H2713
2,H2218
2,H1509
2,H2217
2,K1408
2,K2203
2,K1702
2,H1527
2,H1234
2,G1403
2,K1914
2,H3306
2,I1115
2,K2311
2,K2306
2,K1731
2,K1725
2,M1867
2,K1216
2,K2514
2,D1414
2,M1707
2,D1411
2,N1302
2,H1519
2,N1308
2,C1125
2,C1129
2,N1301
2,H1407
2,H1401
2,M1509
2,K2323
2,H1502
2,H1523
2,K2502
2,I1410
2,M1704
2,H1405
2,I1111
2,I1120
2,M1885
2,K1406
2,M1216
2,K1736
2,K1732
2,K1734
2,K1738
2,N2210
2,E1214
2,K2322
2,M1207
3,E1409
3,D1227
3,D1243
3,C1105
3,G1401
3,H2204
3,K1810
3,L1303
3,C1402
3,C1112
3,M1851
3,D1431
3,D1409
3,C1508
3,D1438
3,M1620
3,C1114
3,D1410
3,E1133
3,K1915
3,D1201
3,D1420
3,C1403
3,M1720
3,C1203
3,F1135
3,C1119
3,F1133
3,C1503
3,H1109
3,M1430
3,C1214
3,E1411
3,E1414
3,C1502
3,M1714
3,D1224
3,D1234
3,M1718
3,D1506
3,L1311
3,C1101
3,C1507
3,M1719
3,D1238
3,H2505
3,H2506
3,E1107
3,M1706
3,E1401
3,D1503
3,D1517
3,D1510
3,D1417
3,D1112
3,H1105
3,D1416
3,D1433
3,D1402
3,D1113
3,K1907
3,C1212
3,C1120
3,C1205
3,D1405
3,E1117
3,C1504
3,D1403
3,C1217
3,D1421
3,C1102
3,D1434
3,D1424
3,D1427
3,D1430
3,D1425
3,M1823
3,K2119
3,M1424
3,C1215
3,N1206
3,C1208
3,D1442
3,D1419
3,C1117
3,G1612
3,D1413
3,D1412
3,H1107
3,C1207
3,G1402
3,K1415
3,G1411
3,G1416
3,C1213
3,M1306
3,M1303
3,M1708
3,M1712
3,L1320
3,E1415
3,G1410
3,D1504
3,G1412
3,L1308
3,H2510
3,G1413
3,G1418
3,L1310
3,G1408
3,D1406
3,M1711
3,M1716
3,M1715
3,K1422
3,D1512
3,M1301
3,G1407
3,M1224
3,C1106
3,G1417
3,K2324
3,D1233
3,G1807
3,G1805
3,G1415
3,D1301
3,D1437
3,C1304
3,C1501
3,C1204
3,C1302
3,G1504
3,H1212
3,H1102
3,H2502
3,H1406
3,B1607
3,D1250
3,K1816
3,G1409
3,C1111
3,D1119
3,D1116
3,M1214
3,C1305
3,J1405
3,J1202
3,D1235
3,L1302
3,C1128
3,K1610
3,D1439
3,H1103
3,D1230
3,C1104
3,C1505
3,N4201
3,H2511
3,B1609
3,H2503
3,K2116
3,D1302
3,D1508
3,C1108
3,D1509
3,M1701
3,H2507
3,D1305
3,H2216
3,I1109
3,M1302
3,C1303
3,C1506
3,K1417
3,G1221
3,H2217
3,C1118
3,H1221
3,D1304
3,D1303
3,D1414
3,M1707
3,E1113
3,D1411
3,M1420
3,M1402
3,C1125
3,D1444
3,C1129
3,M1717
3,M1705
3,D1516
3,M1710
3,H1405
3,D1207
3,M1216
3,C1110
3,D1407
3,D1441
3,D1418
3,D1114
3,C1301
3,D1404
3,D1219
3,D1211
3,D1221
3,D1210
3,C1210
3,D1106
3,D1212
3,D1214
3,D1426
3,D1213
3,D1107
3,D1110
3,G1302
4,K2113
4,K1306
4,G1245
4,G1231
4,K1312
4,D1227
4,D1243
4,L1216
4,K1112
4,G1401
4,L1312
4,N2207
4,G1248
4,G1709
4,K1205
4,G1101
4,A1215
4,N2201
4,I1211
4,K2507
4,D1515
4,K2604
4,I1409
4,D1514
4,K2503
4,G1704
4,K2504
4,N3116
4,J1301
4,D1203
4,K2511
4,K2512
4,L1303
4,C1402
4,C1401
4,C1112
4,M1425
4,D1204
4,N4121
4,J1501
4,J1129
4,K1418
4,K2310
4,J1305
4,J1142
4,G1202
4,G1238
4,G1236
4,K1803
4,G1209
4,M1427
4,G1235
4,D1501
4,G1106
4,H1308
4,G1223
4,G1203
4,K2142
4,K1206
4,K1217
4,M1619
4,B1304
4,L1204
4,L1205
4,K1105
4,I1301
4,D1431
4,D1409
4,G1305
4,N3205
4,M1604
4,J1312
4,D1436
4,M1612
4,K1311
4,K1302
4,D1438
4,D1429
4,M1620
4,J1303
4,M1501
4,D1432
4,M1607
4,M1621
4,D1401
4,K1309
4,K1310
4,C1114
4,H1211
4,D1410
4,E1133
4,J1401
4,J1310
4,M1616
4,J1304
4,K1314
4,A1501
4,K1915
4,G1702
4,D1216
4,G1809
4,G1801
4,G1306
4,J1201
4,D1101
4,D1102
4,J1308
4,D1201
4,N3115
4,J1140
4,M1720
4,L1206
4,D1103
4,M1601
4,C1201
4,F1133
4,C1503
4,D1443
4,K1814
4,C1107
4,K2139
4,M1722
4,K1808
4,G1213
4,K1802
4,K1805
4,K1806
4,M1505
4,C1502
4,D1224
4,D1234
4,K1226
4,K1815
4,M1413
4,A1321
4,M1431
4,E1131
4,L1311
4,L1314
4,A1325
4,K1812
4,K1811
4,C1507
4,M1502
4,D1415
4,M1719
4,E1103
4,N4120
4,G1705
4,D1238
4,I1117
4,I1108
4,I1112
4,I1110
4,D1252
4,N2205
4,G1226
4,D1111
4,M1721
4,E1107
4,M1881
4,E1413
4,G1810
4,G1706
4,K2147
4,G1808
4,D1112
4,M1828
4,D1117
4,G1806
4,J1416
4,D1202
4,D1416
4,D1402
4,D1113
4,G1701
4,N4117
4,N4109
4,N4103
4,N4127
4,N4129
4,N4305
4,N4128
4,N4402
4,N4131
4,N4124
4,N4119
4,N4102
4,N4125
4,A1218
4,N4135
4,N4112
4,N4108
4,N4105
4,N4114
4,N4123
4,C1212
4,I1623
4,D1408
4,K1211
4,K2112
4,K1107
4,C1206
4,D1223
4,K1804
4,K1103
4,K1225
4,C1120
4,K1214
4,M1508
4,D1241
4,D1405
4,K1801
4,D1440
4,D1248
4,E1117
4,F1114
4,K2126
4,G1303
4,K2602
4,C1504
4,D1423
4,I1404
4,I1628
4,C1217
4,K1101
4,K2101
4,C1115
4,D1424
4,D1427
4,D1430
4,D1425
4,M1823
4,M1411
4,K2119
4,M1429
4,G1104
4,M1872
4,M1806
4,N4132
4,H1223
4,L1309
4,J1414
4,K1209
4,K1230
4,D1206
4,N4104
4,C1208
4,D1442
4,G1206
4,G1606
4,K1425
4,J1103
4,J1113
4,J1402
4,L1319
4,G1237
4,C1207
4,K2606
4,K1413
4,K1403
4,G1105
4,G1241
4,K1219
4,M1218
4,L1320
4,E1109
4,K1614
4,G1108
4,L1310
4,G1244
4,M1512
4,M1503
4,E1132
4,D1253
4,M1615
4,G1608
4,K1221
4,K1228
4,E1105
4,K1202
4,K1210
4,K1301
4,G1240
4,K1207
4,G1204
4,G1220
4,K1203
4,K1313
4,G1502
4,D1228
4,D1205
4,D1507
4,G1607
4,K1304
4,K1224
4,M1401
4,K2110
4,J1415
4,M1412
4,J1403
4,D1208
4,C1127
4,M1603
4,K2324
4,D1209
4,K2111
4,K2128
4,K2141
4,K2124
4,K2145
4,D1232
4,K2114
4,D1218
4,D1233
4,K1303
4,A1204
4,K2501
4,J1121
4,K1706
4,G1807
4,G1805
4,G1415
4,D1301
4,D1220
4,J1116
4,J1136
4,C1304
4,C1501
4,M1227
4,C1130
4,M1507
4,D1118
4,G1503
4,K1109
4,C1211
4,G1201
4,G1229
4,G1228
4,G1230
4,J1111
4,J1117
4,J1104
4,G1107
4,D1505
4,L1215
4,J1503
4,J1504
4,J1508
4,J1506
4,J1510
4,H1102
4,H1101
4,F1620
4,N2104
4,M1610
4,K1108
4,E1106
4,J1404
4,K2131
4,D1250
4,F1710
4,G1802
4,K2605
4,G1224
4,K1816
4,M1506
4,L1102
4,L1208
4,D1222
4,I1620
4,H1245
4,J1124
4,J1109
4,J1126
4,J1102
4,J1120
4,J1108
4,M1617
4,K1220
4,K1913
4,G1242
4,K1229
4,K1204
4,K1212
4,K1215
4,G1216
4,K1208
4,G1234
4,J1137
4,J1139
4,M1432
4,J1112
4,G1205
4,G1232
4,D1511
4,H2906
4,I1630
4,J1134
4,J1405
4,J1406
4,J1408
4,G1225
4,M1421
4,J1115
4,J1409
4,D1239
4,L1209
4,N2101
4,J1202
4,J1413
4,D1235
4,M1702
4,F1603
4,J1128
4,D1105
4,K2601
4,D1215
4,K1405
4,G1233
4,E1118
4,M1864
4,K2122
4,J1410
4,D1240
4,K1111
4,J1131
4,K1104
4,K1113
4,K1114
4,J1412
4,J1507
4,J1118
4,G1703
4,K1746
4,M1418
4,G1219
4,C1216
4,C1128
4,N4110
4,D1236
4,E1114
4,D1439
4,I1610
4,D1230
4,C1505
4,N4201
4,G1239
4,M1713
4,G1243
4,G1404
4,I1116
4,D1225
4,K2116
4,D1302
4,D1508
4,I1114
4,K1809
4,G1249
4,K1703
4,D1305
4,K1218
4,I1109
4,D1435
4,D1229
4,C1506
4,G1221
4,K2203
4,G1403
4,I1115
4,I1118
4,H1221
4,D1304
4,D1303
4,G1307
4,G1707
4,K1419
4,D1231
4,M1221
4,M1504
4,C1125
4,D1444
4,M1410
4,K2132
4,N1301
4,M1511
4,M1406
4,I1410
4,M1704
4,H1106
4,I1111
4,E1408
4,G1613
4,J1114
4,L1318
4,E1121
4,M1609
4,M1605
4,G1803
4,J1138
4,D1217
4,D1237
4,A1506
4,G1804
4,K1106
4,M1614
4,G1611
4,N3113
4,N2210
4,I1406
4,D1428
4,G1207
4,K1711
4,D1244
4,I1329
4,K1305
4,K1223
4,J1302
4,I1402
4,I1401
4,H1303
4,C1124
4,H1108
4,M1613
4,A1503
4,D1114
4,E1122
4,J1311
4,K1110
4,D1219
4,D1211
4,D1249
4,D1221
4,D1246
4,D1254
4,D1247
4,C1210
4,D1106
4,D1212
4,D1245
4,D1214
4,D1213
4,D1107
4,D1110
4,D1251
4,G1708
5,K1509
5,N4306
5,K1205
5,K1501
5,I1204
5,I1203
5,N4405
5,N4204
5,K1508
5,N4302
5,K2318
5,K1810
5,I1207
5,K2326
5,K2307
5,K1743
5,N4401
5,K1418
5,J1305
5,M1835
5,H2925
5,J1310
5,K1603
5,K2419
5,N4406
5,K1805
5,K1513
5,K1815
5,K1412
5,K1404
5,K1414
5,A1321
5,H1514
5,A1325
5,G1102
5,K1727
5,K2103
5,K1744
5,K1507
5,K1719
5,K1512
5,C1123
5,K1716
5,I1123
5,N4404
5,K2417
5,J1119
5,K1910
5,K1605
5,K1709
5,N4109
5,N4303
5,N4103
5,N4129
5,N4305
5,N4128
5,N4301
5,N4119
5,N4108
5,K2126
5,K1607
5,K1602
5,C1126
5,K1503
5,K1510
5,C1122
5,K2506
5,K1222
5,N1306
5,K1425
5,J1113
5,K1401
5,G1103
5,K1413
5,K1604
5,K2120
5,M1304
5,K1423
5,K2121
5,M1840
5,H1104
5,K1416
5,K1601
5,K2110
5,K2303
5,K1747
5,K1714
5,M1603
5,K1748
5,K1720
5,J1121
5,K1706
5,F1131
5,A1317
5,M1212
5,C1130
5,C1306
5,K1909
5,C1211
5,J1117
5,J1505
5,J1512
5,F1145
5,H1313
5,M1829
5,K1514
5,K1506
5,K2315
5,C1121
5,K1505
5,K1511
5,K1515
5,K1502
5,K1411
5,M1217
5,K1904
5,N3114
5,K1916
5,K1402
5,J1126
5,J1120
5,K1220
5,K1213
5,F1622
5,J1137
5,K1901
5,K1704
5,J1112
5,H2706
5,K1717
5,K1739
5,N4403
5,J1141
5,J1407
5,G1225
5,K1504
5,K1715
5,K1713
5,K1710
5,K1722
5,J1128
5,K1707
5,K1745
5,K1405
5,K2127
5,K2109
5,K2107
5,K2106
5,K2108
5,K2129
5,J1410
5,J1118
5,K1746
5,C1216
5,C1128
5,N4304
5,N4202
5,K1703
5,K1606
5,H1513
5,K1702
5,H1527
5,K2514
5,H1311
5,C1129
5,N1301
5,K2123
5,K2323
5,J1114
5,K1406
5,K1724
5,N2209
5,K2104
5,K1711
5,K2317
5,I1403
5,I1322
5,A1305
5,H1521
5,K1721
5,I1503
5,A1320
5,M1613
6,I1634
6,L1503
6,M1101
6,F1132
6,M1849
6,M1843
6,M1834
6,M1801
6,M1830
6,M1817
6,H2918
6,N2207
6,H2219
6,E1313
6,N2201
6,N4203
6,N2203
6,D1515
6,K2305
6,A1302
6,H2801
6,E1304
6,H1214
6,I1633
6,K2204
6,N3207
6,K2205
6,K2508
6,J1309
6,N1202
6,K2304
6,H2810
6,C1402
6,C1401
6,M1425
6,M1225
6,N4121
6,H2901
6,H2923
6,M1848
6,M1896
6,M1821
6,M1852
6,M1851
6,C1202
6,M1201
6,M1883
6,I1307
6,K2143
6,H2427
6,K2125
6,M1868
6,M1860
6,F1121
6,M1845
6,M1850
6,M1882
6,M1839
6,K1613
6,H2925
6,L1523
6,B1304
6,B1104
6,I1301
6,H2604
6,H2909
6,D1409
6,M1213
6,N3206
6,N3210
6,M1222
6,M1604
6,C1508
6,M1612
6,F1109
6,J1303
6,B1807
6,M1621
6,C1114
6,H1508
6,K2409
6,K2410
6,H1211
6,K2405
6,J1401
6,H1515
6,M1202
6,E1102
6,M1616
6,K1603
6,B1605
6,H1215
6,H1525
6,J1201
6,K2403
6,H2807
6,H2601
6,H2608
6,B1804
6,H2602
6,B1404
6,F1608
6,I1606
6,M1808
6,B1201
6,E1130
6,A1306
6,M1722
6,A1316
6,K1813
6,K1718
6,H1514
6,L1314
6,K2404
6,H1511
6,K1727
6,K2320
6,M1435
6,H2902
6,L1521
6,H2607
6,H2515
6,H2426
6,H2513
6,F1202
6,H2424
6,H3304
6,H2506
6,H1524
6,M1853
6,M1859
6,M1854
6,M1858
6,D1503
6,D1502
6,D1513
6,E1208
6,L1517
6,L1524
6,H1228
6,L1518
6,L1514
6,H2915
6,K2421
6,J1119
6,J1122
6,D1115
6,K1902
6,K2407
6,L1516
6,H1201
6,M1210
6,K1907
6,M1203
6,L1520
6,L1316
6,N1114
6,H3102
6,N1108
6,H3301
6,H2924
6,H2301
6,H3106
6,H2404
6,E1314
6,E1316
6,E1301
6,H3305
6,E1302
6,E1315
6,N1111
6,H2808
6,H2302
6,H2417
6,F1201
6,N4135
6,N4134
6,N4123
6,C1212
6,M1219
6,D1241
6,I1404
6,I1628
6,C1217
6,K2101
6,K1612
6,K1607
6,K1602
6,M1823
6,H1518
6,C1215
6,N2208
6,H2415
6,E1310
6,H1504
6,H1506
6,N2202
6,M1215
6,K2506
6,H1223
6,N1307
6,N1204
6,N1306
6,D1206
6,L1502
6,H2409
6,B1803
6,H2402
6,M1220
6,I1625
6,N1203
6,F1139
6,B1302
6,K2134
6,I1608
6,H1204
6,H2209
6,H1202
6,E1211
6,H1203
6,M1877
6,M1434
6,M1824
6,M1805
6,M1831
6,M1861
6,M1837
6,M1855
6,F1103
6,K1608
6,J1204
6,K2406
6,M1102
6,M1512
6,I1122
6,N1304
6,K1601
6,L1315
6,F1134
6,N1109
6,M1224
6,I1309
6,F1602
6,I1335
6,I1334
6,G1501
6,G1502
6,K2201
6,D1228
6,D1205
6,M1401
6,D1208
6,B1301
6,K2135
6,M1863
6,C1113
6,M1847
6,M1856
6,M1820
6,H1516
6,M1802
6,M1211
6,H2208
6,B1501
6,B1503
6,B1502
6,B1504
6,H2425
6,K1911
6,H2922
6,F1401
6,H2904
6,K1912
6,B1810
6,H2416
6,H3410
6,K2501
6,M1895
6,F1131
6,F1146
6,M1871
6,M1894
6,M1869
6,M1228
6,C1109
6,M1507
6,B1303
6,K1909
6,N3208
6,K2140
6,M1832
6,B1604
6,D1505
6,K1905
6,I1313
6,K1611
6,J1503
6,J1504
6,J1508
6,J1506
6,J1510
6,M1865
6,F1122
6,M1879
6,M1846
6,H1534
6,F1117
6,M1818
6,H2509
6,K2402
6,H1225
6,M1827
6,L1508
6,H2514
6,M1892
6,M1889
6,H1230
6,H2508
6,H1302
6,N1305
6,M1891
6,M1833
6,H1409
6,M1826
6,H1306
6,M1884
6,M1836
6,M1841
6,H1520
6,H1301
6,K2315
6,H1312
6,F1628
6,N2104
6,I1318
6,M1813
6,M1610
6,N1116
6,B1606
6,N3114
6,B1607
6,H3411
6,K2202
6,D1242
6,K2416
6,N1210
6,B1505
6,L1528
6,L1506
6,N1110
6,M1506
6,K1916
6,J1306
6,F1704
6,H1227
6,L1501
6,D1119
6,N3117
6,B1802
6,K2408
6,I1616
6,I1310
6,I1605
6,H2423
6,I1607
6,I1620
6,I1624
6,I1603
6,J1110
6,M1617
6,K1913
6,B1601
6,M1809
6,F1108
6,H3407
6,H3408
6,H2908
6,B1812
6,H1205
6,B1801
6,B1614
6,H2411
6,L1507
6,H2606
6,H2605
6,I1314
6,I1315
6,H3202
6,B1102
6,M1214
6,D1226
6,H1505
6,H2413
6,M1432
6,N3101
6,L1522
6,I1212
6,H2716
6,H2304
6,H2303
6,H2802
6,H2401
6,H2410
6,E1202
6,H1531
6,H2809
6,H2414
6,L1505
6,H3104
6,H3103
6,K1717
6,H3401
6,H3402
6,N1208
6,H2103
6,B1603
6,H2906
6,B1616
6,H2803
6,K1729
6,E1307
6,K2509
6,N1115
6,H2418
6,H2603
6,C1305
6,J1405
6,L1210
6,B1613
6,B1608
6,B1615
6,J1141
6,J1411
6,J1407
6,J1130
6,K2415
6,K2414
6,M1421
6,H2419
6,D1104
6,H2412
6,H1231
6,J1409
6,I1609
6,F1606
6,H3404
6,M1866
6,E1201
6,H2109
6,H2804
6,N2206
6,H2705
6,N3107
6,N2211
6,H2811
6,I1502
6,H3405
6,H3409
6,N1104
6,B1808
6,N1113
6,I1601
6,N1103
6,I1614
6,I1626
6,E1305
6,M1887
6,H1408
6,D1240
6,H2920
6,M1842
6,H2421
6,C1216
6,H1207
6,H1226
6,K1610
6,E1311
6,B1402
6,I1407
6,D1236
6,H2420
6,I1610
6,H2512
6,B1609
6,N4202
6,M1890
6,H1532
6,N4106
6,H1501
6,H1517
6,E1209
6,H1307
6,H1513
6,D1229
6,H1218
6,K1417
6,H1509
6,K2203
6,H1527
6,N1205
6,M1844
6,N3209
6,K1419
6,H1519
6,M1221
6,H1220
6,H1304
6,M1226
6,N1301
6,H1222
6,D1516
6,H1219
6,H1502
6,H1523
6,H1310
6,E1213
6,I1120
6,B1403
6,E1212
6,D1207
6,H1229
6,E1134
6,L1513
6,L1318
6,M1814
6,M1602
6,M1608
6,E1121
6,M1605
6,B1809
6,B1811
6,B1610
6,K2133
6,H2913
6,H2917
6,H2916
6,B1602
6,K1730
6,C1209
6,M1888
6,K1724
6,M1880
6,M1822
6,M1807
6,M1874
6,M1815
6,F1624
6,N2210
6,E1214
6,N2209
6,B1813
6,B1806
6,H2422
6,D1244
6,B1701
6,H1239
6,M1876
6,E1204
6,I1329
6,M1810
6,H2708
6,I1330
6,I1209
6,I1403
6,H2106
6,F1404
6,H2805
6,H1503
6,J1302
6,H1510
6,H1224
6,E1203
6,M1893
6,H1530
6,I1320
6,I1302
6,H2703
6,I1322
6,I1402
6,I1401
6,I1327
6,I1317
6,I1319
6,H2516
6,H3105
6,I1629
6,E1308
6,H1246
6,H1522
6,M1819
6,I1514
6,H1233
6,H1209
6,K1609
6,B1702
6,H1309
6,H2707
6,H1217
6,H2806
6,I1305
6,I1311
6,N1209
6,A1315
6,L1515
6,H1528
6,H1535
6,H1526
6,H1210
6,I1312
6,C1124
6,L1511
6,H1108
6,L1519
6,I1325
6,A1320
6,I1612
6,I1408
6,B1815
6,K2603
6,B1816
6,I1621
6,D1114
6,E1108
6,M1207
6,B1611
6,M1857
6,M1838
6,J1135
6,H2903
6,B1401
6,D1249
6,D1246
6,D1254
6,H1305
6,B1618
7,L1510
7,F1102
7,F1101
7,F1121
7,F1127
7,B1104
7,B1101
7,F1126
7,F1503
7,H1238
7,H1228
7,F1140
7,E1125
7,A1206
7,F1139
7,H1204
7,E1205
7,H2209
7,H1202
7,F1110
7,E1211
7,F1104
7,H1236
7,H1203
7,E1129
7,H2207
7,B1301
7,H1227
7,B1601
7,H1205
7,H2412
7,H1231
7,H1229
7,B1103
7,B1805
7,F1612
7,H1239
7,H1232
7,H1235
7,H1233
7,K1807
7,D1254
7,B1618
8,K1112
8,L1312
8,G1101
8,A1215
8,N3207
8,D1204
8,M1851
8,L1103
8,K1803
8,M1427
8,D1501
8,L1104
8,M1416
8,K1206
8,D1431
8,D1409
8,D1438
8,D1429
8,M1620
8,D1432
8,D1401
8,C1114
8,H1211
8,D1410
8,E1133
8,M1415
8,K1915
8,G1306
8,F1125
8,D1420
8,M1601
8,C1201
8,C1203
8,C1119
8,C1503
8,H1109
8,D1443
8,E1130
8,K1814
8,C1214
8,C1116
8,E1112
8,K1808
8,G1213
8,K1802
8,K1806
8,C1502
8,M1714
8,D1224
8,M1718
8,H1529
8,D1506
8,K1815
8,M1510
8,E1131
8,C1101
8,A1325
8,K1812
8,K1811
8,D1422
8,M1502
8,D1415
8,E1103
8,D1238
8,D1252
8,H2715
8,M1709
8,M1703
8,M1721
8,E1107
8,E1413
8,M1706
8,E1401
8,M1223
8,K2147
8,H1105
8,L1203
8,D1416
8,D1433
8,D1402
8,D1113
8,K1910
8,E1101
8,E1104
8,B1612
8,I1623
8,D1408
8,K1211
8,D1223
8,K1103
8,M1219
8,M1508
8,C1205
8,I1328
8,D1405
8,K1801
8,D1248
8,K2126
8,G1303
8,K2602
8,D1403
8,C1217
8,D1421
8,C1102
8,D1434
8,K1101
8,K2101
8,D1424
8,D1427
8,D1430
8,D1425
8,K2119
8,M1424
8,M1429
8,E1403
8,G1104
8,C1215
8,K1222
8,K1817
8,N1307
8,K2102
8,C1103
8,C1208
8,D1442
8,D1419
8,C1117
8,M1220
8,D1413
8,D1412
8,H1107
8,K2118
8,G1103
8,G1105
8,C1213
8,E1128
8,M1708
8,M1712
8,E1109
8,G1108
8,M1512
8,H1512
8,M1711
8,N1304
8,M1716
8,M1715
8,K1221
8,K1210
8,K1207
8,K1224
8,M1401
8,M1412
8,K1740
8,K2111
8,D1437
8,A1317
8,M1227
8,C1204
8,G1107
8,E1406
8,M1846
8,H1102
8,A1303
8,H2714
8,H1406
8,H1101
8,I1121
8,K1411
8,E1123
8,K1904
8,K1903
8,K2131
8,C1111
8,L1102
8,L1208
8,E1402
8,K1220
8,K1229
8,K1212
8,K1208
8,E1207
8,H2809
8,D1235
8,K2122
8,K2127
8,K2109
8,K2107
8,K2130
8,K2105
8,K2106
8,K2108
8,K2129
8,K1104
8,M1418
8,E1114
8,D1439
8,H1103
8,D1230
8,G1304
8,C1104
8,N4201
8,N4202
8,C1108
8,K1809
8,A1217
8,K1703
8,D1435
8,K1908
8,K1914
8,G1307
8,M1707
8,E1113
8,D1411
8,F1113
8,M1420
8,M1402
8,M1221
8,D1444
8,K2132
8,M1717
8,M1705
8,H1407
8,H1401
8,K2123
8,M1710
8,I1410
8,M1704
8,H1405
8,H1106
8,E1124
8,K1106
8,C1110
8,M1614
8,H2516
8,H1108
8,D1407
8,D1441
8,D1418
8,D1404
8,D1211
8,D1221
8,D1246
8,D1247
8,D1212
8,D1214
8,D1426
8,D1213
8,D1107
8,E1210
8,G1302
10,H1240
10,H1214
10,M1848
10,M1896
10,M1821
10,M1852
10,K2143
10,K2125
10,H1241
10,K1613
10,F1109
10,K2409
10,K2410
10,K2405
10,E1126
10,K2419
10,A1413
10,D1201
10,M1808
10,A1422
10,A1306
10,M1430
10,M1403
10,A1316
10,K1813
10,L1314
10,K2404
10,M1859
10,M1858
10,K2413
10,K2412
10,K2420
10,K2417
10,K2421
10,K2401
10,K2418
10,K2407
10,K1214
10,K1612
10,G1609
10,M1419
10,M1405
10,K2134
10,M1824
10,M1805
10,M1831
10,M1861
10,M1837
10,M1855
10,L1319
10,K1608
10,M1422
10,L1317
10,L1320
10,K2406
10,L1315
10,K2135
10,F1401
10,F1403
10,H1244
10,M1433
10,F1105
10,M1895
10,F1143
10,F1128
10,F1138
10,F1123
10,K2140
10,M1832
10,K1611
10,A1324
10,H1212
10,M1818
10,F1212
10,K2402
10,M1827
10,A1319
10,M1409
10,M1892
10,M1889
10,H1402
10,M1891
10,H1206
10,F1129
10,M1836
10,M1841
10,M1414
10,K2416
10,A1446
10,K2408
10,H1245
10,H2214
10,M1809
10,K2411
10,J1132
10,H1505
10,F1142
10,A1423
10,H2304
10,K2415
10,K2414
10,M1421
10,A1445
10,F1119
10,I1502
10,L1313
10,M1842
10,K1610
10,F1211
10,M1890
10,M1407
10,M1408
10,H1213
10,M1717
10,M1814
10,F1118
10,K2133
10,M1888
10,M1815
10,J1133
10,H1503
10,H1224
10,M1893
10,H1243
10,H1246
10,K1721
10,K1609
10,H1404
10,A1315
10,H1210
10,J1135
10,F1115
11,K1509
11,K2510
11,N4306
11,K1501
11,K2507
11,N2203
11,N4302
11,A1302
11,H2801
11,E1304
11,K2326
11,D1514
11,N3207
11,K2503
11,K2508
11,K2504
11,K2511
11,K2512
11,N2204
11,H2810
11,K1743
11,M1225
11,N4401
11,H1308
11,F1204
11,M1416
11,L1402
11,K1735
11,H2925
11,H2909
11,N3205
11,M1222
11,M1612
11,M1501
11,H1508
11,H1211
11,H1515
11,M1202
11,M1415
11,K1915
11,H1525
11,H2807
11,N3118
11,C1403
11,N3110
11,C1119
11,M1722
11,C1116
11,K1513
11,H1529
11,H1514
11,D1422
11,C1507
11,H1507
11,H1511
11,K1727
11,H2504
11,H2513
11,N1112
11,N2205
11,K2103
11,H2715
11,K1744
11,K1507
11,K1719
11,K1512
11,H1524
11,C1123
11,K1716
11,I1123
11,I1513
11,A1443
11,K1902
11,K1733
11,K1737
11,K1701
11,K1910
11,M1210
11,K1709
11,M1203
11,H2702
11,H2924
11,H2808
11,C1212
11,C1120
11,D1405
11,C1217
11,C1115
11,H1518
11,C1126
11,C1215
11,N4132
11,N2208
11,K1742
11,K1503
11,K1510
11,H2415
11,C1122
11,E1310
11,F1130
11,H1504
11,H1506
11,N2202
11,M1215
11,K2506
11,G1206
11,I1504
11,K1906
11,F1103
11,C1213
11,I1101
11,H1104
11,G1244
11,K1416
11,H1512
11,M1428
11,K1227
11,M1205
11,N3211
11,K2110
11,M1863
11,C1127
11,C1113
11,K1911
11,K1912
11,K2128
11,A1204
11,K1748
11,K2501
11,K1708
11,K2513
11,K1720
11,K1706
11,F1146
11,A1317
11,C1304
11,M1227
11,H1403
11,C1130
11,C1306
11,M1507
11,K1909
11,C1211
11,A1314
11,K1905
11,H1533
11,H1534
11,H1410
11,I1102
11,H2514
11,H1302
11,H1313
11,H1409
11,H1306
11,I1121
11,H1520
11,H1301
11,K1514
11,K1506
11,K2315
11,C1121
11,K1505
11,K1511
11,H1312
11,K1515
11,K1502
11,I1205
11,M1217
11,K1904
11,K1903
11,E1312
11,K1741
11,K1916
11,K1102
11,I1310
11,I1603
11,M1617
11,K1913
11,K1204
11,H2908
11,M1214
11,K1901
11,N3106
11,K1704
11,N3101
11,H2716
11,H2802
11,H1531
11,I1507
11,K1717
11,N1208
11,I1631
11,I1632
11,K1739
11,K1729
11,K2509
11,C1305
11,K1504
11,K1712
11,K1715
11,K1713
11,K1710
11,N3107
11,H3201
11,I1510
11,K1707
11,K1405
11,C1216
11,C1128
11,M1206
11,H2512
11,H2503
11,K2146
11,H1532
11,N4106
11,A1217
11,K1703
11,H1501
11,H1517
11,H1307
11,H1513
11,H2713
11,H1509
11,C1118
11,H1527
11,K1908
11,K1914
11,M1844
11,K1731
11,K1725
11,K2514
11,H1311
11,N1302
11,H1519
11,C1125
11,C1129
11,H1304
11,M1226
11,H1407
11,M1509
11,H1502
11,H1523
11,H1310
11,E1213
11,I1509
11,K1406
11,K1736
11,K1730
11,K1732
11,K1734
11,K1738
11,K2104
11,K1223
11,H1503
11,H1510
11,H1530
11,I1322
11,H2516
11,A1305
11,H1521
11,H1522
11,I1514
11,H1303
11,K1721
11,H1309
11,I1503
11,H2707
11,H2806
11,N1209
11,I1505
11,H1528
11,H1535
11,H1526
11,C1124
11,M1207
11,M1857
11,H2903
11,C1210
11,H1305
12,L1103
12,G1223
12,L1104
12,L1205
12,E1102
12,E1126
12,L1213
12,E1413
12,E1120
12,E1119
12,E1110
12,E1132
12,K1228
12,E1105
12,L1215
12,E1106
12,K1903
12,E1312
12,D1250
12,K2416
12,K2605
12,L1202
12,E1118
12,H1207
12,H1226
12,E1114
12,E1116
12,H1234
12,E1134
12,E1121
12,E1108
12,E1122
13,I1634
13,G1245
13,G1231
13,K2510
13,G1709
13,A1203
13,I1202
13,K2301
13,I1211
13,K2507
13,K2318
13,M1618
13,I1207
13,I1633
13,H2220
13,K2503
13,K2205
13,K2307
13,K2508
13,H3307
13,A1444
13,A1402
13,N4401
13,A1428
13,I1637
13,G1211
13,G1236
13,G1209
13,G1235
13,G1203
13,G1246
13,G1212
13,M1619
13,A1404
13,L1402
13,A1405
13,L1204
13,A1201
13,H2215
13,F1626
13,N1101
13,L1207
13,N4406
13,L1403
13,L1206
13,A1437
13,H2919
13,I1308
13,A1207
13,N1107
13,I1206
13,N1112
13,F1207
13,G1226
13,I1513
13,L1211
13,F1701
13,A1101
13,A1102
13,H2202
13,A1436
13,J1414
13,F1619
13,A1401
13,L1201
13,N1102
13,N1106
13,F1709
13,I1508
13,G1241
13,G1214
13,M1615
13,A1508
13,F1505
13,A1426
13,G1204
13,G1215
13,G1220
13,K2321
13,A1209
13,F1629
13,A1408
13,A1439
13,A1407
13,A1442
13,H3308
13,D1507
13,G1210
13,J1415
13,G1208
13,K1747
13,F1613
13,A1416
13,F1611
13,M1603
13,F1712
13,A1511
13,A1427
13,G1228
13,A1414
13,F1708
13,N1116
13,F1703
13,F1707
13,F1713
13,N1110
13,G1224
13,N1105
13,A1433
13,D1119
13,A1415
13,N3103
13,N3102
13,I1602
13,I1620
13,G1216
13,G1217
13,F1501
13,F1502
13,F1623
13,G1234
13,I1501
13,H2205
13,N1115
13,A1432
13,H2101
13,A1202
13,N3203
13,F1702
13,A1431
13,A1419
13,A1421
13,I1208
13,A1438
13,A1445
13,A1441
13,L1209
13,K1726
13,I1510
13,I1502
13,K1745
13,F1705
13,F1627
13,F1711
13,A1510
13,N1103
13,G1218
13,G1233
13,G1239
13,G1243
13,H3306
13,A1417
13,I1509
13,K1705
13,A1506
13,L1401
13,G1207
13,A1205
13,A1434
13,I1511
13,I1321
13,A1310
13,A1315
13,K2313
13,A1311
13,D1211
13,A1504
13,A1418
14,I1634
14,L1503
14,H2918
14,A1215
14,H2219
14,A1203
14,I1204
14,I1203
14,K2301
14,I1211
14,N4405
14,H3302
14,K2305
14,H1240
14,I1207
14,I1409
14,I1633
14,H2220
14,K2204
14,F1706
14,H2105
14,K2205
14,H3307
14,K2304
14,I1201
14,I1210
14,A1444
14,A1402
14,A1403
14,H2901
14,H2923
14,G1202
14,I1307
14,A1429
14,H2427
14,A1405
14,L1523
14,B1304
14,B1104
14,B1101
14,I1301
14,H2201
14,H2604
14,H2909
14,J1401
14,H1208
14,A1409
14,G1702
14,D1216
14,H2601
14,H2608
14,D1101
14,D1102
14,H2108
14,F1402
14,A1413
14,A1201
14,H2602
14,H2215
14,F1626
14,B1404
14,N1101
14,F1608
14,I1606
14,N4406
14,A1422
14,B1201
14,A1437
14,D1103
14,K1718
14,F1503
14,F1504
14,H2919
14,H2902
14,I1308
14,L1521
14,I1103
14,H2607
14,H2515
14,H2501
14,F1206
14,I1333
14,H2426
14,N1107
14,I1206
14,D1111
14,H2424
14,H3304
14,D1109
14,D1108
14,D1112
14,D1117
14,H2915
14,J1416
14,J1122
14,D1115
14,A1443
14,H2905
14,F1701
14,D1202
14,L1516
14,H1201
14,G1602
14,A1101
14,A1102
14,H3102
14,H3301
14,H2405
14,H2202
14,H2301
14,H2404
14,H3101
14,E1316
14,H3305
14,H2203
14,H2403
14,H2406
14,H2102
14,N3104
14,H2302
14,H2417
14,I1404
14,I1628
14,K1612
14,I1617
14,D1206
14,L1502
14,H2409
14,B1617
14,B1803
14,H2402
14,F1619
14,G1612
14,A1401
14,H3303
14,A1440
14,I1625
14,N1102
14,N1106
14,F1709
14,I1608
14,A1512
14,I1615
14,I1508
14,H1204
14,H2207
14,G1608
14,F1505
14,L1504
14,K2321
14,I1309
14,F1629
14,F1602
14,I1335
14,I1334
14,A1410
14,A1411
14,H3308
14,G1501
14,K2201
14,D1205
14,D1507
14,G1607
14,K1304
14,K2303
14,G1603
14,D1208
14,B1301
14,F1613
14,A1416
14,F1611
14,H2208
14,B1501
14,B1503
14,B1502
14,B1504
14,K2324
14,F1712
14,H2425
14,D1209
14,H2907
14,H2922
14,H2904
14,D1218
14,B1810
14,I1306
14,A1412
14,H2104
14,H2416
14,H3410
14,F1138
14,D1220
14,D1118
14,B1303
14,N3208
14,A1447
14,B1604
14,A1414
14,D1505
14,I1313
14,K1611
14,H2408
14,H2509
14,F1620
14,F1628
14,F1610
14,F1708
14,I1205
14,I1318
14,A1208
14,A1220
14,H3411
14,K2202
14,D1242
14,B1505
14,L1506
14,F1703
14,F1707
14,F1713
14,N1110
14,F1710
14,A1446
14,F1704
14,N1105
14,L1501
14,A1433
14,A1502
14,A1415
14,B1802
14,N3103
14,I1604
14,I1602
14,I1636
14,I1619
14,I1616
14,I1310
14,I1613
14,I1618
14,I1605
14,H2423
14,I1607
14,I1635
14,I1620
14,I1624
14,I1603
14,H1245
14,H2206
14,F1607
14,H2213
14,H2214
14,H2911
14,B1601
14,H3407
14,H3408
14,H2908
14,H1205
14,B1801
14,F1605
14,F1501
14,F1625
14,F1622
14,F1502
14,F1623
14,H2411
14,H2606
14,H2605
14,I1314
14,I1315
14,H3202
14,B1102
14,H2910
14,H3203
14,D1226
14,H2413
14,N3111
14,K1723
14,I1212
14,H2304
14,H2303
14,H2802
14,H2401
14,H2410
14,H2107
14,H2414
14,H3104
14,H3103
14,H2205
14,H2211
14,H3401
14,H3402
14,H3403
14,H2103
14,K2308
14,I1631
14,I1632
14,B1603
14,H2906
14,B1616
14,H2803
14,H3406
14,E1307
14,N4403
14,N1115
14,I1630
14,H2418
14,H2407
14,H2603
14,B1608
14,B1615
14,J1411
14,A1432
14,J1408
14,A1507
14,A1430
14,H2101
14,A1202
14,F1506
14,N3203
14,H2921
14,F1702
14,A1419
14,A1210
14,A1421
14,H2419
14,D1104
14,G1610
14,H2412
14,H1231
14,A1214
14,A1438
14,I1609
14,F1606
14,H3404
14,A1441
14,H2804
14,A1424
14,G1604
14,F1604
14,H3201
14,F1601
14,H2811
14,F1603
14,G1605
14,D1105
14,H3405
14,H3409
14,K2601
14,F1705
14,F1615
14,F1627
14,F1618
14,F1616
14,F1609
14,F1617
14,F1711
14,F1614
14,D1215
14,I1601
14,N1103
14,H3309
14,I1611
14,I1614
14,I1626
14,D1240
14,H2920
14,H2421
14,A1425
14,F1621
14,L1526
14,H2912
14,B1402
14,I1407
14,D1236
14,H2420
14,I1610
14,I1107
14,I1326
14,I1114
14,D1229
14,H2218
14,H2217
14,G1707
14,G1613
14,D1207
14,B1103
14,B1809
14,B1811
14,B1610
14,D1217
14,H2913
14,H2917
14,H2916
14,B1602
14,F1624
14,B1805
14,I1506
14,I1406
14,G1247
14,A1205
14,A1434
14,B1813
14,F1612
14,B1806
14,H2422
14,D1244
14,B1701
14,H1232
14,K2317
14,I1329
14,I1324
14,I1330
14,I1209
14,F1630
14,H2212
14,H2805
14,I1316
14,I1321
14,I1320
14,H2703
14,I1303
14,K2314
14,I1402
14,I1401
14,I1323
14,I1317
14,I1304
14,I1319
14,H3105
14,I1629
14,A1322
14,A1318
14,H1246
14,H1235
14,H1209
14,B1702
14,I1336
14,H2806
14,I1305
14,I1311
14,I1505
14,I1312
14,H2710
14,K2309
14,L1511
14,K2313
14,I1325
14,H2704
14,I1612
14,I1622
14,I1627
14,I1408
14,B1815
14,B1816
14,A1503
14,I1621
14,H2210
14,D1120
14,B1611
14,H2914
14,H2903
14,B1401
14,D1219
14,D1249
14,A1418
14,B1618
17,K2326
17,A1403
17,A1505
17,A1429
17,A1404
17,A1501
17,A1409
17,L1403
17,L1206
17,K2418
17,A1509
17,N4117
17,E1403
17,A1512
17,J1203
17,A1508
17,A1426
17,A1435
17,A1408
17,A1439
17,A1410
17,A1407
17,A1442
17,A1411
17,G1210
17,A1412
17,K1748
17,A1511
17,K1411
17,A1502
17,D1116
17,A1323
17,A1507
17,A1430
17,A1431
17,A1421
17,A1424
17,A1510
17,A1506
17,A1309
17,A1308
17,A1310
17,A1503
17,D1210
17,A1504
15,M1101
15,E1409
15,D1243
15,C1105
15,K1509
15,G1248
15,K1501
15,D1515
15,K1508
15,C1402
15,C1112
15,M1225
15,C1202
15,G1211
15,M1201
15,F1127
15,M1213
15,M1222
15,F1109
15,C1114
15,M1202
15,M1616
15,H1215
15,K2403
15,D1420
15,M1808
15,C1203
15,F1135
15,F1133
15,M1430
15,C1214
15,M1403
15,C1107
15,A1316
15,E1411
15,E1414
15,K1513
15,H1529
15,F1137
15,K1815
15,C1101
15,D1422
15,H1511
15,M1435
15,K1507
15,A1420
15,K1512
15,M1223
15,D1417
15,K2421
15,M1423
15,M1426
15,K2407
15,K1910
15,M1210
15,M1203
15,K1804
15,M1219
15,M1209
15,C1205
15,C1102
15,M1204
15,K1503
15,K1510
15,M1215
15,C1208
15,D1419
15,C1117
15,M1220
15,G1206
15,M1419
15,M1811
15,M1405
15,K2134
15,F1104
15,H1236
15,M1434
15,K2120
15,M1422
15,K1423
15,L1308
15,M1102
15,L1310
15,G1244
15,D1406
15,H1512
15,M1208
15,E1412
15,M1205
15,D1512
15,F1120
15,M1224
15,C1127
15,C1106
15,M1211
15,K1911
15,M1895
15,F1107
15,F1131
15,F1146
15,M1227
15,M1212
15,C1204
15,M1228
15,C1302
15,C1109
15,M1507
15,A1314
15,H1212
15,F1122
15,F1106
15,F1116
15,H1225
15,M1409
15,H1237
15,H1230
15,F1141
15,H2508
15,N1305
15,H1402
15,M1891
15,H1206
15,H1520
15,M1414
15,K1511
15,M1217
15,N1116
15,C1111
15,D1119
15,K2408
15,M1809
15,F1108
15,M1214
15,M1606
15,N1208
15,C1305
15,K1504
15,M1702
15,H3309
15,E1405
15,M1206
15,M1404
15,M1890
15,M1701
15,M1407
15,C1303
15,H1218
15,H1216
15,M1408
15,H1221
15,D1414
15,H1213
15,M1221
15,H1220
15,C1129
15,M1226
15,H1222
15,H1219
15,E1410
15,M1608
15,K1406
15,M1611
15,M1216
15,C1209
15,M1888
15,H1510
15,H1224
15,M1893
15,H1217
15,D1407
15,D1441
15,D1418
15,C1301
15,E1407
15,M1207
15,C1210
15,G1302
16,N4306
16,I1202
16,N4302
16,M1618
16,N3116
16,K1418
16,G1236
16,G1235
16,M1619
16,G1305
16,K2410
16,N3118
16,F1402
16,A1406
16,N3115
16,E1131
16,G1102
16,N4120
16,G1308
16,N4404
16,K2413
16,K2412
16,K2417
16,N3112
16,G1301
16,N4109
16,N4303
16,N4127
16,N3104
16,N4101
16,N4131
16,N4124
16,N4301
16,N4102
16,N4125
16,N4116
16,N4126
16,N4133
16,N4115
16,N4130
16,N4111
16,N4112
16,N4105
16,N4114
16,N4113
16,G1303
16,F1130
16,N4122
16,K1817
16,N4104
16,L1201
16,N1102
16,N3211
16,M1615
16,L1101
16,F1403
16,K2111
16,K2145
16,A1427
16,G1201
16,G1222
16,G1228
16,G1230
16,G1227
16,H1212
16,F1129
16,K1515
16,N2104
16,K2131
16,K1741
16,L1102
16,N3117
16,N3103
16,N3102
16,N3109
16,H2213
16,F1605
16,G1234
16,F1142
16,N3106
16,K1704
16,N3111
16,K1723
16,N4403
16,N2101
16,K1715
16,N2206
16,N2102
16,N3107
16,N3105
16,N2103
16,K1722
16,K1405
16,N4110
16,G1304
16,N4304
16,D1414
16,N3108
16,G1611
16,N3113
16,I1303
16,I1336
16,J1311
18,I1634
18,E1409
18,G1401
18,M1849
18,M1843
18,M1834
18,M1801
18,L1312
18,M1830
18,M1817
18,N1201
18,K1501
18,E1313
18,N2201
18,N4203
18,N4204
18,K1508
18,K2604
18,K1810
18,H2801
18,N3207
18,N3116
18,L1303
18,N2204
18,N1202
18,H2810
18,C1401
18,C1112
18,M1425
18,N4401
18,H2923
18,J1305
18,A1505
18,K1803
18,M1427
18,G1106
18,M1416
18,K2142
18,K1206
18,N1303
18,M1868
18,M1860
18,F1102
18,F1101
18,M1845
18,M1850
18,M1882
18,H1241
18,M1839
18,M1835
18,K1613
18,D1431
18,G1305
18,N3206
18,N3205
18,N3210
18,M1222
18,M1604
18,C1508
18,D1436
18,M1612
18,D1438
18,E1404
18,D1429
18,F1126
18,M1620
18,L1307
18,K2137
18,M1501
18,D1432
18,B1807
18,M1607
18,M1621
18,D1401
18,L1304
18,K1201
18,H1508
18,E1133
18,M1415
18,H1208
18,K1603
18,B1605
18,J1201
18,H2807
18,E1127
18,J1502
18,C1403
18,N3110
18,H1109
18,C1214
18,K2139
18,E1112
18,K1808
18,E1411
18,K1802
18,K1805
18,K1806
18,E1414
18,M1505
18,C1502
18,D1506
18,F1137
18,K1412
18,K1404
18,K1813
18,A1313
18,M1510
18,K1414
18,A1321
18,M1431
18,L1314
18,A1325
18,K1811
18,M1502
18,D1415
18,M1719
18,E1103
18,K2320
18,M1435
18,G1705
18,I1117
18,I1103
18,I1332
18,I1108
18,I1112
18,H2515
18,I1110
18,H2501
18,I1113
18,I1333
18,N3204
18,D1252
18,N1107
18,H2504
18,N1112
18,K2103
18,L1214
18,F1203
18,F1209
18,G1601
18,A1420
18,E1303
18,M1709
18,N1207
18,M1703
18,G1308
18,M1721
18,F1136
18,E1107
18,E1115
18,M1881
18,E1413
18,M1854
18,E1120
18,M1886
18,D1503
18,D1502
18,D1513
18,G1706
18,D1517
18,D1510
18,I1123
18,K1409
18,L1525
18,L1517
18,L1527
18,L1524
18,M1828
18,H1105
18,L1518
18,K2412
18,M1426
18,L1211
18,K1902
18,K1605
18,F1140
18,L1520
18,G1301
18,G1701
18,L1316
18,H2709
18,H2702
18,H2924
18,H3106
18,E1316
18,E1301
18,A1218
18,A1221
18,F1208
18,N4135
18,N4134
18,I1623
18,K1107
18,K1225
18,M1209
18,M1508
18,E1117
18,K2101
18,K1602
18,M1823
18,M1411
18,K2119
18,M1424
18,M1429
18,M1872
18,M1806
18,M1204
18,N2208
18,N2202
18,K1222
18,L1309
18,M1825
18,K1817
18,N1307
18,M1875
18,K2102
18,N1204
18,N1306
18,K1230
18,N1206
18,C1208
18,N1203
18,H1236
18,M1877
18,L1305
18,G1237
18,K1424
18,K2144
18,G1406
18,G1103
18,K1604
18,K2120
18,G1402
18,K1407
18,K1420
18,K1403
18,K1415
18,G1414
18,G1411
18,G1416
18,C1213
18,M1304
18,M1306
18,L1317
18,K1421
18,K1219
18,B1814
18,K2121
18,E1128
18,M1303
18,J1204
18,J1203
18,E1109
18,I1101
18,E1415
18,E1110
18,G1410
18,D1504
18,K1614
18,G1412
18,L1308
18,H2510
18,M1870
18,M1840
18,G1413
18,H1104
18,G1418
18,L1310
18,M1503
18,K1416
18,M1803
18,G1408
18,G1405
18,I1122
18,F1205
18,F1210
18,M1208
18,A1312
18,A1219
18,N1304
18,E1412
18,K2148
18,M1428
18,K1227
18,E1132
18,K1422
18,D1512
18,K1410
18,G1214
18,M1301
18,K1601
18,L1315
18,G1407
18,F1120
18,M1224
18,K1202
18,K1203
18,D1205
18,K2505
18,J1415
18,M1412
18,B1301
18,M1847
18,M1856
18,K1740
18,M1820
18,H1516
18,M1802
18,G1417
18,H2907
18,F1401
18,H1244
18,K2501
18,M1433
18,F1143
18,F1138
18,G1415
18,D1301
18,M1894
18,C1501
18,H1403
18,M1212
18,M1869
18,G1503
18,G1504
18,I1313
18,K1611
18,M1865
18,M1879
18,H1533
18,M1846
18,F1117
18,F1106
18,A1303
18,F1212
18,H1410
18,I1102
18,H2714
18,A1319
18,H2514
18,F1145
18,I1104
18,N1305
18,H1402
18,F1129
18,K2312
18,H1313
18,M1833
18,H1409
18,H1406
18,M1884
18,A1307
18,K2117
18,K1506
18,K1505
18,H1312
18,K1502
18,M1217
18,M1610
18,M1417
18,B1606
18,N1210
18,K1741
18,K1816
18,M1506
18,G1409
18,K1102
18,I1605
18,J1101
18,J1108
18,E1402
18,K1220
18,L1301
18,B1812
18,I1331
18,K1901
18,A1423
18,M1432
18,N3101
18,H2711
18,H2716
18,H2809
18,E1306
18,H2706
18,N1115
18,H2603
18,H3404
18,M1866
18,H2804
18,H2705
18,N2211
18,M1702
18,B1808
18,E1305
18,L1302
18,M1864
18,I1512
18,L1313
18,H1408
18,L1306
18,G1703
18,K1746
18,G1219
18,E1405
18,L1509
18,L1526
18,L1512
18,K1610
18,K1728
18,I1610
18,C1505
18,N4201
18,G1239
18,H2511
18,E1309
18,I1107
18,B1609
18,E1116
18,M1404
18,I1326
18,G1404
18,F1211
18,I1116
18,M1862
18,N3202
18,N3201
18,N4205
18,N4202
18,K2116
18,K2316
18,I1119
18,I1114
18,K2302
18,D1509
18,H1242
18,K1809
18,N4106
18,G1249
18,M1701
18,K1606
18,M1878
18,M1812
18,I1105
18,I1106
18,H2216
18,M1302
18,D1229
18,H2713
18,H2218
18,C1506
18,K1417
18,G1221
18,J1509
18,K1408
18,C1118
18,K2203
18,K1702
18,G1403
18,N1205
18,M1844
18,H3306
18,I1115
18,K2311
18,K2306
18,A1216
18,I1118
18,M1867
18,D1303
18,N3209
18,K1216
18,K1419
18,F1113
18,M1420
18,M1402
18,N1302
18,N1308
18,M1221
18,M1504
18,M1410
18,N1301
18,J1106
18,D1516
18,H1407
18,H1401
18,M1509
18,E1410
18,K2123
18,K2323
18,M1511
18,M1406
18,K2502
18,H1405
18,H1106
18,I1111
18,E1213
18,M1885
18,E1408
18,E1134
18,L1513
18,L1318
18,M1602
18,M1608
18,K1406
18,M1611
18,M1216
18,M1609
18,M1605
18,E1124
18,M1880
18,M1873
18,M1822
18,M1874
18,N3113
18,N2210
18,E1214
18,N2209
18,D1428
18,M1876
18,H2712
18,H2701
18,M1810
18,K2325
18,H2708
18,I1330
18,I1403
18,H2106
18,H2212
18,F1404
18,H2805
18,I1302
18,I1327
18,I1323
18,I1304
18,H3205
18,I1514
18,K1609
18,I1503
18,K2322
18,N1209
18,H1404
18,H1528
18,H1535
18,M1613
18,E1407
18,K1110
18,K1807
18,M1857
18,M1838
18,H1305
19,M1618
19,H2105
19,N4121
19,K2138
19,N3118
19,H2108
19,H2215
19,N3115
19,N1101
19,K1727
19,N4120
19,N1112
19,H2424
19,N4404
19,N4117
19,N4109
19,F1303
19,F1302
19,N4303
19,N1114
19,N4103
19,N4127
19,N4129
19,N1108
19,H2405
19,H2202
19,H2301
19,H2404
19,E1314
19,H2203
19,H2403
19,E1302
19,E1315
19,H2406
19,H2102
19,N4118
19,N4305
19,N4128
19,N4101
19,N1111
19,H2808
19,H2302
19,H2417
19,N4402
19,N4131
19,N4124
19,N4301
19,N4119
19,N4102
19,N4125
19,N4116
19,N4126
19,A1436
19,N4135
19,N4134
19,N4133
19,N4115
19,N4130
19,N4111
19,N4112
19,N4105
19,N4107
19,N4114
19,N4123
19,N4113
19,I1623
19,D1440
19,D1423
19,I1628
19,I1617
19,N4122
19,N4104
19,I1608
19,I1615
19,N3211
19,N1109
19,K2110
19,F1403
19,K2128
19,K2141
19,K2124
19,H2104
19,F1301
19,N3208
19,H2408
19,H1533
19,M1804
19,N3114
19,N3117
19,N3103
19,N3109
19,I1604
19,I1613
19,I1607
19,I1624
19,N3111
19,H2711
19,H2303
19,H2107
19,H3204
19,H2211
19,N4403
19,H2418
19,H2407
19,I1208
19,K1712
19,K1715
19,H2109
19,K1713
19,N2206
19,N2102
19,N3107
19,N3105
19,N2103
19,K1722
19,N1104
19,I1611
19,H2421
19,E1311
19,N4110
19,E1309
19,N3108
19,H2701
19,I1629
19,E1308
19,M1819
19,H2710
19,I1612
19,I1622
19,I1627
19,J1311
19,G1708
9,G1245
9,G1231
9,G1709
9,A1215
9,A1203
9,A1302
9,I1210
9,A1444
9,A1402
9,A1403
9,A1428
9,A1505
9,A1429
9,A1404
9,A1405
9,A1409
9,K2419
9,A1201
9,A1406
9,A1437
9,A1306
9,A1316
9,A1321
9,A1207
9,A1212
9,A1211
9,A1420
9,I1513
9,K2412
9,K2420
9,K2417
9,F1303
9,A1101
9,A1102
9,F1302
9,N4402
9,A1218
9,A1436
9,A1213
9,A1221
9,N4133
9,I1328
9,A1304
9,D1442
9,A1401
9,A1440
9,A1512
9,M1306
9,G1240
9,A1426
9,A1209
9,A1435
9,A1408
9,A1439
9,A1410
9,A1407
9,A1442
9,A1411
9,G1210
9,A1416
9,D1209
9,A1204
9,F1105
9,F1143
9,F1128
9,A1317
9,F1123
9,A1427
9,G1229
9,A1314
9,A1447
9,A1414
9,F1124
9,A1319
9,A1307
9,K1411
9,A1208
9,A1220
9,N3114
9,A1446
9,A1433
9,A1502
9,N3117
9,A1415
9,N3103
9,I1618
9,G1216
9,I1331
9,A1423
9,G1232
9,A1323
9,A1432
9,A1507
9,A1430
9,A1202
9,A1431
9,A1419
9,A1210
9,A1214
9,A1438
9,A1445
9,F1119
9,A1441
9,A1424
9,I1510
9,I1502
9,A1510
9,A1425
9,I1107
9,A1217
9,H2216
9,A1216
9,A1417
9,I1509
9,F1118
9,N3108
9,A1205
9,A1434
9,A1309
9,A1308
9,A1310
9,A1322
9,A1318
9,A1301
9,K2319
9,A1315
9,A1320
9,A1311
9,A1418
9,F1115
20,G1245
20,G1231
20,A1215
20,A1203
20,K2301
20,K2318
20,K2326
20,K2307
20,K2304
20,A1428
20,K2310
20,M1896
20,G1246
20,F1204
20,A1429
20,K2419
20,F1402
20,M1720
20,A1306
20,A1316
20,K1815
20,K1813
20,A1313
20,M1413
20,A1321
20,A1325
20,K2320
20,I1308
20,H2501
20,I1113
20,A1207
20,A1212
20,A1211
20,F1136
20,K2413
20,K2412
20,K2417
20,K2421
20,K2418
20,A1206
20,A1102
20,H2709
20,H2702
20,N4118
20,A1218
20,A1213
20,A1221
20,I1328
20,F1114
20,M1411
20,A1440
20,F1103
20,G1103
20,M1306
20,I1122
20,A1312
20,A1219
20,N1304
20,G1240
20,K2321
20,A1209
20,K2303
20,K1747
20,K2324
20,F1712
20,H2907
20,H2904
20,A1204
20,F1105
20,M1895
20,F1128
20,F1138
20,A1317
20,F1123
20,G1229
20,A1314
20,I1313
20,F1124
20,A1324
20,F1117
20,A1303
20,A1319
20,H1237
20,K2312
20,M1804
20,A1307
20,F1620
20,F1628
20,F1610
20,A1208
20,A1220
20,G1242
20,F1142
20,N3106
20,K2308
20,A1323
20,A1202
20,A1210
20,F1119
20,H2705
20,F1705
20,K2316
20,K2302
20,A1217
20,I1105
20,H1527
20,K2311
20,K2306
20,A1216
20,F1113
20,M1410
20,K2323
20,M1406
20,H1310
20,A1417
20,I1509
20,F1118
20,A1205
20,K2317
20,H2712
20,K2325
20,I1321
20,H2703
20,K2314
20,A1322
20,A1305
20,A1318
20,A1301
20,I1514
20,K2322
20,K2319
20,A1315
20,K2309
20,K2313
20,H2704
20,A1311
20,F1115
21,K2113
21,K1308
21,G1203
21,K1307
21,K2137
21,K1309
21,K1310
21,J1304
21,K1314
21,K2112
21,K2115
21,K1202
21,K1203
21,K1313
21,G1210
21,K1303
21,J1104
21,J1511
21,J1109
21,J1107
21,J1115
21,K2129
21,K2136
21,K1114
21,J1507
21,K1216
21,K2104
21,D1247
22,K2113
22,K1306
22,K1312
22,K1112
22,N2207
22,K2604
22,J1301
22,D1203
22,J1309
22,J1501
22,J1129
22,J1305
22,J1142
22,G1203
22,K1307
22,F1204
22,K1217
22,G1212
22,K1105
22,J1312
22,D1436
22,K1311
22,K1302
22,J1303
22,K1309
22,K1310
22,K1201
22,J1401
22,J1310
22,J1304
22,K1314
22,D1216
22,J1201
22,J1308
22,N3110
22,J1140
22,K1814
22,K2139
22,K1226
22,M1510
22,K1812
22,J1416
22,J1119
22,J1122
22,D1202
22,L1516
22,A1509
22,N4108
22,K1211
22,K1107
22,K1225
22,K1214
22,D1241
22,D1405
22,D1248
22,K2602
22,K1101
22,K2115
22,J1414
22,K1209
22,K1230
22,D1413
22,D1412
22,J1103
22,A1512
22,J1113
22,J1402
22,K2606
22,K1413
22,K1403
22,M1218
22,J1204
22,K1416
22,K1221
22,K1228
22,K1210
22,K1301
22,K1207
22,G1215
22,G1220
22,A1435
22,K1304
22,J1125
22,J1415
22,M1412
22,J1403
22,D1232
22,K1303
22,A1511
22,J1121
22,D1220
22,J1116
22,J1136
22,C1130
22,K1109
22,J1111
22,J1117
22,A1447
22,J1104
22,J1503
22,J1504
22,J1505
22,J1512
22,J1508
22,J1506
22,J1511
22,J1510
22,K1108
22,M1417
22,J1404
22,K2605
22,J1306
22,D1222
22,J1124
22,J1105
22,J1109
22,J1123
22,J1126
22,J1101
22,J1102
22,J1110
22,J1120
22,J1108
22,J1107
22,J1127
22,K1220
22,K1229
22,K1204
22,K1212
22,K1208
22,J1137
22,J1139
22,J1132
22,J1112
22,J1134
22,J1141
22,J1406
22,J1411
22,J1407
22,J1408
22,J1130
22,J1115
22,J1409
22,D1239
22,J1202
22,J1413
22,J1128
22,K1745
22,K2601
22,D1215
22,J1307
22,K2127
22,J1410
22,K1111
22,J1131
22,K1104
22,K1113
22,K1114
22,J1412
22,J1507
22,J1118
22,M1418
22,D1225
22,K2146
22,K1218
22,D1231
22,J1106
22,M1511
22,J1114
22,J1138
22,D1217
22,D1237
22,K1106
22,J1133
22,D1428
22,K2104
22,K1305
22,A1308
22,J1302
22,K2603
22,K1110
22,J1135
22,D1246
22,D1245
22,D1214
23,K2510
23,K2507
23,K2503
23,K2508
23,K2504
23,K2512
23,K1743
23,H1308
23,K1735
23,D1436
23,K1309
23,K1201
23,A1501
23,J1140
23,K1414
23,K1727
23,K1744
23,K1733
23,K1737
23,K1701
23,N4135
23,N4134
23,N4111
23,K1742
23,C1103
23,I1504
23,K1421
23,K2505
23,K1747
23,K1714
23,K1740
23,K2128
23,K1708
23,K2513
23,K1720
23,K1706
23,J1136
23,J1111
23,J1508
23,J1506
23,J1511
23,J1510
23,K1411
23,N3114
23,K1741
23,K1102
23,J1124
23,K1402
23,J1105
23,J1123
23,J1101
23,J1108
23,K1723
23,I1507
23,K1717
23,K1739
23,K1729
23,K2509
23,I1208
23,K1712
23,K1715
23,K1713
23,N3105
23,K1726
23,K1722
23,K1745
23,M1418
23,K1728
23,K1908
23,K1731
23,K1725
23,K2514
23,K2502
23,K1705
23,K1736
23,K1730
23,K1732
23,K1734
23,K1724
23,D1428
23,H1303
23,H1309
23,I1503
23,I1505
23,J1311
23,K1110
23,A1504
24,K2113
24,G1231
24,K1205
24,K1308
24,G1211
24,L1103
24,G1238
24,K2138
24,G1106
24,G1223
24,G1246
24,K1307
24,K2142
24,K1217
24,K2143
24,K1613
24,B1101
24,K2137
24,D1443
24,A1313
24,M1413
24,I1103
24,G1226
24,H1524
24,K2147
24,L1517
24,K2401
24,A1509
24,H3106
24,K1107
24,K1804
24,K1103
24,K1214
24,K1801
24,K2126
24,K1101
24,K2101
24,C1115
24,K1612
24,K2119
24,K2102
24,K1209
24,K2144
24,K2118
24,K1614
24,K2148
24,E1132
24,D1253
24,K1228
24,K1301
24,G1240
24,G1204
24,K1203
24,K1224
24,J1125
24,G1210
24,K2110
24,G1208
24,M1305
24,K2111
24,K2128
24,K2141
24,K2124
24,K2145
24,D1232
24,K2114
24,D1218
24,H3410
24,A1204
24,M1433
24,K1109
24,G1201
24,G1222
24,G1227
24,A1314
24,J1505
24,J1512
24,N2104
24,E1123
24,M1417
24,E1106
24,K2131
24,E1312
24,D1250
24,G1224
24,J1101
24,J1110
24,M1617
24,J1127
24,G1242
24,K1229
24,K1213
24,L1301
24,K1215
24,G1217
24,I1315
24,K2411
24,J1139
24,J1132
24,H2413
24,I1212
24,H3204
24,H3402
24,J1130
24,D1239
24,N2103
24,K1726
24,H2811
24,G1218
24,G1233
24,E1118
24,K2122
24,K2127
24,K2109
24,K2107
24,K2130
24,K2105
24,K2106
24,K2108
24,K2129
24,K2136
24,H1408
24,H1207
24,H1226
24,C1505
24,K2116
24,H1234
24,K1731
24,K1725
24,K2132
24,K2123
24,I1509
24,E1134
24,K1705
24,J1138
24,K2133
24,K1736
24,K1732
24,K1734
24,J1133
24,G1207
24,F1612
24,A1309
24,K1223
24,I1320
24,I1302
24,I1317
24,H3205
24,A1301
24,H2806
24,B1815
24,H2210
24,E1122
25,L1207
25,L1403
25,F1503
25,K1733
25,N2208
25,K1747
25,J1504
25,K1741
25,J1123
25,F1623
25,I1501
25,G1205
25,G1232
25,A1214
25,K1713
25,K1722
25,K1745
25,I1512
25,N3108
25,L1401
25,I1506
25,I1511
25,K1721
26,L1503
26,L1312
26,L1303
26,I1201
26,L1510
26,L1523
26,L1307
26,L1304
26,L1521
26,L1525
26,L1517
26,L1527
26,L1524
26,L1518
26,L1514
26,L1211
26,L1516
26,L1203
26,L1520
26,L1316
26,F1130
26,L1309
26,L1502
26,L1305
26,G1406
26,L1308
26,G1418
26,L1504
26,L1508
26,M1826
26,M1829
26,L1528
26,L1506
26,L1501
26,L1208
26,I1607
26,H2213
26,L1301
26,L1507
26,I1331
26,L1522
26,E1202
26,L1505
26,E1201
26,F1609
26,L1302
26,L1313
26,L1306
26,L1509
26,L1526
26,L1512
26,E1209
26,I1106
26,E1408
26,L1513
26,L1318
26,G1247
26,E1204
26,E1203
26,B1702
26,L1515
26,M1816
26,L1511
26,L1519
26,E1206
27,H2105
27,G1809
27,G1801
27,D1101
27,D1102
27,H2108
27,A1413
27,A1422
27,D1103
27,G1601
27,D1111
27,G1808
27,D1109
27,D1108
27,D1112
27,D1117
27,G1806
27,D1115
27,A1443
27,G1602
27,H2102
27,G1612
27,G1609
27,G1606
27,H3303
27,G1410
27,G1413
27,G1608
27,G1603
27,H1244
27,A1412
27,H2104
27,G1807
27,G1805
27,D1118
27,G1802
27,A1446
27,G1409
27,A1423
27,H2107
27,D1104
27,G1610
27,G1604
27,D1105
27,H3309
27,G1404
27,G1613
27,G1803
27,G1804
27,D1120
27,D1106
27,D1110
28,G1101
28,G1305
28,M1621
28,G1306
28,K1226
28,K1412
28,E1131
28,G1102
28,G1308
28,E1120
28,K2401
28,K1605
28,G1301
28,N4127
28,G1303
28,K1607
28,K1602
28,G1104
28,K1817
28,K1604
28,K1608
28,G1105
28,G1108
28,K2135
28,D1233
28,G1222
28,G1227
28,G1107
28,E1123
28,K2131
28,K1213
28,G1304
28,K1606
28,G1307
28,E1108
29,E1409
29,F1132
29,I1405
29,M1849
29,M1843
29,M1834
29,M1801
29,M1830
29,M1817
29,G1248
29,I1409
29,I1637
29,M1848
29,M1896
29,M1821
29,M1852
29,M1883
29,L1510
29,G1238
29,L1104
29,I1307
29,M1868
29,M1860
29,M1845
29,M1850
29,F1144
29,M1882
29,H1241
29,M1839
29,M1835
29,E1404
29,H1208
29,F1125
29,E1127
29,M1403
29,E1112
29,E1411
29,M1718
29,I1308
29,M1853
29,E1115
29,M1859
29,M1881
29,M1854
29,M1858
29,M1886
29,M1828
29,L1514
29,K2421
29,M1423
29,M1426
29,E1104
29,E1125
29,B1612
29,E1119
29,E1403
29,M1872
29,M1806
29,E1310
29,M1825
29,M1875
29,M1419
29,M1811
29,M1405
29,K1906
29,E1205
29,M1877
29,M1434
29,M1824
29,M1805
29,M1831
29,M1861
29,M1837
29,M1855
29,E1129
29,E1128
29,E1415
29,M1870
29,M1840
29,M1803
29,M1711
29,M1716
29,E1412
29,L1101
29,F1134
29,I1334
29,M1863
29,M1847
29,M1856
29,K1740
29,M1820
29,H1516
29,M1802
29,M1305
29,I1306
29,E1111
29,M1871
29,M1894
29,M1869
29,M1832
29,E1406
29,A1324
29,M1865
29,M1879
29,M1846
29,M1818
29,F1212
29,M1827
29,L1508
29,F1145
29,M1892
29,M1889
29,H1230
29,F1141
29,I1104
29,H1206
29,M1833
29,M1826
29,M1884
29,M1829
29,M1804
29,M1836
29,M1841
29,M1414
29,F1628
29,M1813
29,H1227
29,I1605
29,I1635
29,E1402
29,I1314
29,E1207
29,H2711
29,L1522
29,E1306
29,I1631
29,E1307
29,M1866
29,H2109
29,N2206
29,E1305
29,M1887
29,M1864
29,M1842
29,E1405
29,I1407
29,M1862
29,H1242
29,M1878
29,M1812
29,M1407
29,I1106
29,M1844
29,M1867
29,E1113
29,K2132
29,M1717
29,E1410
29,M1885
29,E1212
29,M1814
29,E1124
29,K1724
29,M1880
29,M1873
29,M1822
29,M1807
29,M1874
29,M1815
29,H1239
29,M1876
29,H2712
29,H2701
29,M1810
29,K2325
29,I1324
29,I1209
29,I1403
29,H2106
29,F1404
29,I1327
29,I1304
29,I1319
29,E1308
29,H1243
29,M1819
29,I1305
29,I1311
29,M1816
29,I1312
29,H2710
29,L1519
29,E1407
29,M1857
29,M1838
29,E1206
29,E1210
30,L1216
30,L1510
30,G1202
30,F1144
30,L1523
30,B1304
30,L1204
30,L1205
30,B1104
30,B1101
30,E1126
30,L1213
30,B1605
30,B1804
30,L1206
30,B1201
30,L1212
30,E1130
30,L1311
30,F1504
30,L1214
30,E1208
30,L1514
30,L1211
30,L1203
30,E1125
30,L1502
30,B1617
30,B1803
30,L1201
30,B1302
30,E1205
30,E1211
30,E1129
30,L1319
30,L1317
30,B1814
30,L1320
30,D1253
30,L1101
30,L1315
30,A1508
30,H2207
30,B1301
30,H2208
30,B1501
30,B1503
30,B1502
30,B1504
30,D1209
30,B1810
30,E1111
30,B1303
30,B1604
30,L1215
30,B1606
30,B1607
30,B1505
30,L1102
30,L1501
30,L1208
30,H1245
30,B1601
30,L1301
30,H3408
30,B1801
30,B1614
30,B1102
30,L1202
30,K2411
30,H1505
30,B1603
30,L1210
30,B1613
30,B1615
30,L1209
30,E1201
30,K2105
30,K2136
30,H2920
30,L1306
30,B1402
30,B1403
30,E1212
30,E1134
30,B1103
30,B1610
30,B1602
30,B1806
30,B1701
30,B1816
30,B1618
