department_id,department_name,region_id
01,Ain,1
02,Aisne,9
03,Allier,1
04,Alpes-de-Haute-Provence,18
05,Hautes-Alpes,18
06,Alpes-Maritimes,18
07,Ardèche,1
08,Ardennes,6
09,Ariège,16
10,Aube,6
11,Aude,16
12,Aveyron,16
13,Bouches-du-Rhône,18
14,Calvados,14
15,Cantal,1
16,Charente,15
17,Charente-Maritime,15
18,Cher,4
19,Corrèze,15
2A,Corse-du-Sud,5
2B,Haute-Corse,5
21,Côte-d'Or,2
22,Côtes-d'Armor,3
23,Creuse,15
24,Dordogne,15
25,Doubs,2
26,Drôme,1
27,Eure,14
28,Eure-et-Loir,4
29,Finistère,3
30,Gard,16
31,Haute-Garonne,16
32,Gers,16
33,Gironde,15
34,Hérault,16
35,Ille-et-Vilaine,3
36,Indre,4
37,Indre-et-Loire,4
38,Isère,1
39,Jura,2
40,Landes,15
41,Loir-et-Cher,4
42,Loire,1
43,Haute-Loire,1
44,Loire-Atlantique,17
45,Loiret,4
46,Lot,16
47,Lot-et-Garonne,15
48,Lozère,16
49,Maine-et-Loire,17
50,Manche,14
51,Marne,6
52,Haute-Marne,6
53,Mayenne,17
54,Meurthe-et-Moselle,6
55,Meuse,6
56,Morbihan,3
57,Moselle,6
58,Nièvre,2
59,Nord,9
60,Oise,9
61,Orne,14
62,Pas-de-Calais,9
63,Puy-de-Dôme,1
64,Pyrénées-Atlantiques,15
65,Hautes-Pyrénées,16
66,Pyrénées-Orientales,16
67,Bas-Rhin,6
68,Haut-Rhin,6
69,Rhône,1
70,Haute-Saône,2
71,Saône-et-Loire,2
72,Sarthe,17
73,Savoie,1
74,Haute-Savoie,1
75,Paris,10
76,Seine-Maritime,14
77,Seine-et-Marne,10
78,Yvelines,10
79,Deux-Sèvres,15
80,Somme,9
81,Tarn,16
82,Tarn-et-Garonne,16
83,Var,18
84,Vaucluse,18
85,Vendée,17
86,Vienne,15
87,Haute-Vienne,15
88,Vosges,6
89,Yonne,2
90,Territoire de Belfort,2
91,Essonne,10
92,Hauts-de-Seine,10
93,Seine-Saint-Denis,10
94,Val-de-Marne,10
95,Val-d'Oise,10
971,Guadeloupe,7
972,Martinique,12
973,Guyane,8
974,La Réunion,11
976,Mayotte,13
