romeCode,subDomainID
A1203,2
A1302,1
N3116,2
A1444,1
A1402,1
A1403,2
A1428,2
A1429,2
A1404,2
A1405,1
A1409,2
N3118,2
K2419,1
A1201,1
A1406,2
L1403,2
A1422,1
A1437,1
A1316,1
A1321,1
I1110,1
A1207,1
A1212,1
A1420,1
K2412,2
A1509,2
N4117,2
A1101,1
A1102,1
A1218,1
A1436,1
A1213,1
A1221,1
N4133,1
I1328,1
A1304,1
A1401,1
A1440,1
A1512,1
A1512,2
A1219,1
A1426,2
A1209,1
A1435,2
A1408,2
A1439,2
A1410,2
A1407,2
A1442,2
A1411,2
A1416,1
A1416,2
A1412,2
A1204,1
A1317,1
A1427,2
A1314,1
A1314,2
A1447,1
A1414,1
A1324,2
A1303,1
A1319,1
A1307,1
A1208,1
A1220,1
N3114,2
F1707,1
A1446,1
A1433,1
D1119,2
N3117,2
A1415,2
I1603,1
I1603,2
A1423,1
H2205,1
A1323,1
A1432,1
A1430,2
A1202,1
A1202,2
A1431,2
A1419,1
A1419,2
A1210,1
A1421,2
A1438,2
A1445,2
A1441,1
A1424,2
A1510,2
A1425,2
H2216,1
H2218,1
H2217,1
H3306,1
A1417,1
N3113,2
A1205,1
A1434,1
A1309,2
K2325,2
A1308,2
A1310,2
A1322,1
A1318,1
A1301,1
A1315,1
A1320,1
A1311,1
A1418,1
G1231,3
A1215,3
A1203,3
K2301,3
K2318,3
K2326,3
K2307,3
K2304,3
K2310,3
K1803,3
G1106,3
K2419,3
A1306,3
K1813,3
A1313,3
M1413,3
A1321,3
A1325,3
K1811,3
K2320,3
H2919,3
A1207,3
F1207,3
K2413,3
K2420,3
K2417,3
K2421,3
K2418,3
F1302,3
H2709,3
N4118,3
A1218,3
A1213,3
I1328,3
M1411,3
A1440,3
I1504,3
A1512,3
I1508,3
G1103,3
M1306,3
M1218,3
A1312,3
A1219,3
G1240,3
K1203,3
K2321,3
A1209,3
G1210,3
K2303,3
K2324,3
F1712,3
A1204,3
F1105,3
M1895,3
F1143,3
F1128,3
F1138,3
F1123,3
F1124,3
A1324,3
F1145,3
K2312,3
A1307,3
H1301,3
F1707,3
G1242,3
I1501,3
I1507,3
K2308,3
A1323,3
A1202,3
A1214,3
F1119,3
I1512,3
F1621,3
G1243,3
K2316,3
K2302,3
A1217,3
K2311,3
K2306,3
A1216,3
H1311,3
M1410,3
K2323,3
M1406,3
F1118,3
I1506,3
I1511,3
K2317,3
K2325,3
K2314,3
A1322,3
I1514,3
H1303,3
I1503,3
K2322,3
I1505,3
A1315,3
K2309,3
K2313,3
A1320,3
A1311,3
F1115,3
I1634,4
A1203,5
I1204,5
I1203,4
I1202,5
I1202,4
K2301,4
K2305,5
I1207,4
I1409,4
I1633,4
K2204,5
K2205,5
I1210,4
I1637,4
I1301,4
K1718,4
H2919,4
I1308,4
I1332,4
I1333,4
I1206,4
A1211,5
H2924,4
A1219,5
N3211,4
A1209,5
I1335,4
D1228,5
I1306,4
I1313,4
I1102,4
K2312,5
I1121,4
I1205,4
I1318,4
M1217,4
A1208,5
K2202,5
D1242,5
I1602,4
I1636,4
I1616,4
I1310,4
I1613,4
I1618,4
I1605,4
I1607,4
I1635,4
I1620,4
I1603,4
I1331,4
I1501,4
I1212,4
I1632,4
N3107,5
N3107,4
I1502,4
I1601,4
I1512,5
I1107,4
I1326,4
I1106,4
K2203,5
D1304,5
D1304,4
K2323,5
K2323,4
I1506,5
I1511,5
I1329,4
I1324,4
I1316,4
I1321,5
I1321,4
I1302,4
I1303,4
K2314,4
I1402,4
I1327,4
I1323,4
I1304,4
H1246,4
I1503,5
I1503,4
I1336,4
K2319,5
I1305,4
I1325,4
I1408,4
B1815,4
G1231,6
G1248,6
A1215,6
K1803,6
G1106,6
K2125,6
K1613,6
K1603,6
K1808,6
K1605,6
K1612,6
K1607,6
K1602,6
K1604,6
K1608,6
K1614,6
K1601,6
H2207,6
G1240,6
D1233,6
A1204,6
A1317,6
G1201,6
G1222,6
G1227,6
K2140,6
G1242,6
B1102,6
K2411,6
A1323,6
G1225,6
K2415,6
K2414,6
K1610,6
G1243,6
A1217,6
G1249,6
K1606,6
A1216,6
A1322,6
K1609,6
H3302,7
H2105,7
H3307,7
K2419,7
H2108,7
A1413,7
A1422,7
H2515,7
H2504,7
D1111,7
H2506,7
D1112,7
D1117,7
D1115,7
A1443,7
H3301,7
H3305,7
H2102,7
H3303,7
H1244,7
A1412,7
H2104,7
D1118,7
A1303,7
A1446,7
D1119,7
A1423,7
H2107,7
H2103,7
H2101,7
D1104,7
H2109,7
N1113,7
H1242,7
H3306,7
H2106,7
D1120,7
I1634,8
M1101,8
H2918,8
H2219,8
H2801,8
H1214,8
I1633,8
H2220,8
F1706,8
H2810,8
H2901,8
A1505,8
H1308,8
F1144,8
H1241,8
I1301,8
H2909,8
H1508,8
H1515,8
H1208,8
H1215,8
H1525,8
K2403,8
H2807,8
F1626,8
N1101,8
H1109,8
E1112,8
M1714,8
A1313,8
H1514,8
K2404,8
H1507,8
E1103,8
H1511,8
H2919,8
H2902,8
I1308,8
I1332,8
H2515,8
I1333,8
H2426,8
H2504,8
N1112,8
F1203,8
M1709,8
H3304,8
H1238,8
H1524,8
H1105,8
D1402,8
B1612,8
H2702,8
H3301,8
H2924,8
H2203,8
H2406,8
H2808,8
H2302,8
H1518,8
H1223,8
N1306,8
H2409,8
M1405,8
I1504,8
D1413,8
D1412,8
H1204,8
H1202,8
H1203,8
M1303,8
M1708,8
E1109,8
H2510,8
K2406,8
M1102,8
H1512,8
A1312,8
N1304,8
M1301,8
K1601,8
I1309,8
I1335,8
I1334,8
H3308,8
M1412,8
M1856,8
H1516,8
M1305,8
H2907,8
F1401,8
F1403,8
H2904,8
I1306,8
H1403,8
I1313,8
H1212,8
F1122,8
H1533,8
H1102,8
H1534,8
F1212,8
H2509,8
H1410,8
I1102,8
F1116,8
H2502,8
H2514,8
H1230,8
F1141,8
H2508,8
H1302,8
H1402,8
H1206,8
F1129,8
H1409,8
H1406,8
H1306,8
I1121,8
H1520,8
H1312,8
I1318,8
B1607,8
H3411,8
N1110,8
N1105,8
I1616,8
I1310,8
I1605,8
I1620,8
H1245,8
H2908,8
H2411,8
H2605,8
H3203,8
I1501,8
I1212,8
H2303,8
H2802,8
H2410,8
H1531,8
I1507,8
H2809,8
H2706,8
H3401,8
H3402,8
B1603,8
H2906,8
H2803,8
H3406,8
H2407,8
F1506,8
H2921,8
H3404,8
H2804,8
H2705,8
H2811,8
H3405,8
H3409,8
I1601,8
N1103,8
H3309,8
I1512,8
H1408,8
H2920,8
H1207,8
H1226,8
H2912,8
H1103,8
M1713,8
H2511,8
I1326,8
F1211,8
H2503,8
H1532,8
H1242,8
H1501,8
H1517,8
H1307,8
M1407,8
H2507,8
M1302,8
H1513,8
H1218,8
H1509,8
H1527,8
H1234,8
H1216,8
M1408,8
K2306,8
H1213,8
D1411,8
N1302,8
H1519,8
H1220,8
H1304,8
N1301,8
H1222,8
J1106,8
H1407,8
H1219,8
H1401,8
H1502,8
H1523,8
M1710,8
H1310,8
H1405,8
H2913,8
I1506,8
F1612,8
I1511,8
H2701,8
H2708,8
I1324,8
F1404,8
H2805,8
H1503,8
H1510,8
H1224,8
I1316,8
I1321,8
I1320,8
I1302,8
I1327,8
I1304,8
H2516,8
H1521,8
H1243,8
H1235,8
H1522,8
H1303,8
H1309,8
H2707,8
H1217,8
I1336,8
H2806,8
I1305,8
I1505,8
H1404,8
H1528,8
H1526,8
H1210,8
H2710,8
H1108,8
B1815,8
B1611,8
H2903,8
H1305,8
K1112,9
H1214,9
J1301,9
D1203,9
J1309,9
J1501,9
J1129,9
J1305,9
J1142,9
A1505,10
A1505,9
K1105,9
J1312,9
D1436,9
J1303,9
H1508,9
K2405,9
J1401,9
H1515,9
J1304,9
A1501,10
J1201,9
K2403,9
J1308,9
J1502,9
J1140,9
M1714,9
H1529,9
K1414,9
H1514,9
M1709,9
C1123,9
H1105,9
J1416,9
J1119,9
J1122,9
H3301,9
H2302,9
K1214,9
D1405,9
D1248,9
H1223,9
J1414,9
H3303,9
D1413,9
D1412,9
J1103,9
A1512,10
J1113,9
J1402,9
K1413,9
K1403,9
K1415,9
K1421,9
M1708,9
J1204,9
J1203,10
K2406,9
H1104,9
K1601,9
K1301,9
G1220,9
J1125,9
J1415,9
M1412,9
J1403,9
H1516,9
A1511,10
J1121,9
J1116,9
J1136,9
M1212,9
K1109,9
J1111,9
J1117,9
J1104,9
J1503,9
J1504,9
J1505,9
J1512,9
J1508,9
J1506,9
J1511,9
J1510,9
K1411,10
K1411,9
M1417,9
J1404,9
J1306,9
A1502,10
J1124,9
K1402,9
J1105,9
J1109,9
J1123,9
J1126,9
J1101,9
J1102,9
J1110,9
J1120,9
J1108,9
M1617,9
J1107,9
J1127,9
K1220,9
J1137,9
J1139,9
J1132,9
J1112,9
H2304,9
H2303,9
J1134,9
J1405,9
J1141,9
J1406,9
J1411,9
J1407,9
J1408,9
A1507,10
J1130,9
J1115,9
J1409,9
J1202,9
J1413,9
J1128,9
J1307,9
J1410,9
K1111,9
J1131,9
K1104,9
K1113,9
K1114,9
J1412,9
J1507,9
J1118,9
M1713,9
H1517,9
M1407,9
H2507,9
H1513,9
H1218,9
H1509,9
J1509,9
H1216,9
M1408,9
H1213,9
D1411,9
H1519,9
H1220,9
H1304,9
H1222,9
J1106,9
H1219,9
M1710,9
J1114,9
M1609,9
J1138,9
A1506,10
M1880,9
J1133,9
D1428,9
A1308,10
J1302,9
H1510,9
H1224,9
I1327,9
H1243,9
C1124,9
A1503,10
J1311,9
J1135,9
A1504,10
N2207,11
A1215,11
K2604,11
D1203,11
K1311,11
M1616,11
K1314,11
D1216,11
A1509,11
N4124,11
N4102,11
N4112,11
N4108,11
N4123,11
D1241,11
K2602,11
C1122,11
K2606,11
A1426,11
K1313,11
D1205,11
K1304,11
D1208,11
D1218,11
K1303,11
A1511,11
D1220,11
A1447,11
K2605,11
D1222,11
D1239,11
K2601,11
D1215,11
D1240,11
D1236,11
D1225,11
M1302,11
D1229,11
K1408,11
K1216,11
I1410,11
D1217,11
D1237,11
K1106,11
D1428,11
D1244,11
K2603,11
L1503,12
L1216,12
L1312,12
G1248,12
D1515,12
L1303,12
L1303,13
L1510,13
L1103,13
G1223,12
L1523,12
B1304,14
L1204,12
L1205,12
B1104,14
B1101,14
L1307,12
L1304,13
L1213,12
B1605,14
B1404,14
L1207,12
L1207,13
L1206,12
B1201,14
L1212,12
E1130,14
E1130,13
L1311,12
M1435,13
L1521,12
L1521,13
L1214,12
M1721,13
E1208,13
L1525,12
L1517,12
L1527,12
L1524,12
L1518,12
L1518,13
L1514,13
L1211,12
L1516,12
L1203,12
K1907,14
L1520,12
L1520,13
E1125,13
B1612,14
L1316,13
L1309,13
L1502,12
L1502,13
B1617,14
B1803,14
L1201,12
B1302,14
E1211,14
M1434,13
L1319,13
L1305,12
G1414,12
L1317,12
L1317,13
L1320,13
L1308,13
G1418,12
G1418,13
L1310,12
L1101,12
L1315,13
A1508,12
L1504,12
H2208,14
B1501,14
B1503,14
B1502,14
B1504,14
H2922,14
E1111,13
M1227,14
M1227,12
M1227,13
B1303,14
B1604,14
L1215,12
K1611,13
B1606,14
B1607,14
B1505,14
L1528,12
L1506,12
L1102,12
L1501,12
B1802,14
L1208,12
K1213,14
B1601,14
L1301,12
H3407,14
H3408,14
B1614,14
L1507,13
B1102,14
E1207,13
L1202,12
L1522,13
E1202,13
L1505,13
B1616,14
L1210,12
B1613,14
B1608,14
B1615,14
L1209,12
E1201,14
H3405,14
L1302,13
L1313,13
L1306,12
L1306,13
L1509,13
L1526,12
L1512,12
L1512,13
B1609,14
E1209,14
G1707,12
E1213,13
B1403,14
E1212,13
E1134,12
E1134,13
L1513,12
L1513,13
L1318,13
B1103,14
B1610,14
B1602,14
E1214,14
E1214,12
E1214,13
B1806,14
D1244,14
B1701,14
E1204,13
I1329,12
I1329,13
E1203,14
B1702,14
L1515,12
L1511,12
L1511,13
L1519,12
L1519,13
B1816,14
B1611,14
B1401,14
B1618,14
M1101,15
D1227,16
D1243,16
D1515,16
M1851,16
D1501,17
D1501,16
D1501,15
I1307,16
N1303,17
N1303,16
N1303,15
M1619,17
M1619,16
D1431,17
D1431,16
D1431,15
D1409,16
D1409,15
D1438,16
D1438,15
D1429,17
D1429,16
D1429,15
D1432,17
D1432,16
D1432,15
D1401,15
D1410,15
D1101,16
D1102,16
D1201,16
D1420,16
N1101,17
N1101,16
N1101,15
M1720,17
M1720,16
D1103,16
M1430,16
D1224,17
D1224,16
D1224,15
D1506,17
D1415,15
I1108,15
D1252,16
N1112,17
N1112,16
N1112,15
D1111,16
D1503,17
D1502,17
D1513,17
D1517,17
D1510,17
D1417,16
D1417,15
D1109,16
D1108,16
D1112,16
D1117,16
D1115,16
D1202,16
D1416,15
D1433,16
D1433,15
D1402,15
D1113,17
D1113,15
K1907,16
D1223,16
D1248,16
I1628,16
D1403,16
D1424,16
D1427,16
D1425,16
M1823,16
N1306,17
N1306,16
N1306,15
D1442,15
D1419,16
F1139,16
M1303,17
D1504,17
M1102,15
H1512,17
N1304,17
N1304,16
N1304,15
D1512,17
D1253,16
D1507,17
B1301,17
K2324,16
F1712,15
D1209,16
D1233,16
D1301,16
D1118,16
A1447,16
D1505,17
D1505,16
D1250,16
F1710,15
K1816,16
N1105,17
N1105,16
N1105,15
D1119,16
D1119,15
D1222,16
I1607,16
D1116,16
D1116,15
D1511,17
J1405,16
D1104,16
D1105,16
N1103,17
N1103,16
D1439,16
D1439,15
K2116,16
D1302,16
D1302,15
D1508,17
D1508,16
D1509,17
M1701,15
D1305,16
D1304,16
D1303,16
E1113,16
E1113,15
D1444,15
N1301,17
N1301,16
N1301,15
D1516,17
G1613,16
G1804,16
I1402,17
I1402,16
D1407,16
D1441,16
D1441,15
D1418,15
D1114,16
D1404,16
D1219,16
D1211,16
D1249,16
D1221,16
D1246,16
D1210,16
D1254,16
D1247,17
D1247,16
D1106,16
D1212,17
D1212,16
D1245,17
D1245,16
D1214,16
D1213,15
D1107,17
D1107,15
D1110,16
D1251,16
E1313,18
E1304,18
E1303,18
H3102,19
H3106,18
H3106,19
H3101,19
E1314,18
E1314,19
E1316,18
E1301,18
E1302,18
E1315,18
E1315,19
E1310,18
H3303,19
E1415,18
E1415,19
E1306,18
H3104,19
H3103,19
E1307,18
E1311,18
B1402,18
B1402,19
E1309,18
B1403,19
H3105,19
E1308,18
H1240,20
H2427,20
B1807,20
B1804,20
H2515,20
H2426,20
H2513,20
H2505,20
H2424,20
H1201,20
H2405,20
H2404,20
H2403,20
H2406,20
H2417,20
H2415,20
D1206,20
H2409,20
B1803,20
H2402,20
B1814,20
K2201,20
H2425,20
B1810,20
H2416,20
H2408,20
H1102,20
B1802,20
H2423,20
B1812,20
H1205,20
B1801,20
H2411,20
D1226,20
H2413,20
H2401,20
H2410,20
H2414,20
H2418,20
H2407,20
H2419,20
H2412,20
H1231,20
B1808,20
H2421,20
H2420,20
H2512,20
D1207,20
B1809,20
B1811,20
B1805,20
B1813,20
H2422,20
H1232,20
B1815,20
C1105,22
C1402,22
C1402,21
C1402,23
C1401,21
C1112,22
C1202,21
M1201,23
C1114,22
M1202,23
C1403,22
C1403,21
C1403,23
C1201,21
C1203,21
C1119,22
C1119,21
C1119,23
C1214,22
C1214,21
C1214,23
C1107,22
C1116,22
C1116,21
C1116,23
C1101,22
C1123,22
C1123,21
C1123,23
M1223,23
K1910,23
C1212,22
C1212,21
C1212,23
C1206,21
C1120,22
C1120,21
C1120,23
M1219,23
C1217,22
C1217,21
C1217,23
C1102,22
C1115,22
C1115,21
C1115,23
C1215,22
C1215,21
C1215,23
C1122,22
C1122,21
C1122,23
K2506,21
C1103,22
C1208,21
C1207,21
C1213,22
C1213,21
C1213,23
M1208,23
M1205,23
M1224,23
C1127,22
C1127,21
C1127,23
C1113,22
C1106,22
C1304,22
C1304,21
C1304,23
C1204,23
M1228,23
C1302,23
C1109,22
C1130,22
C1130,21
C1130,23
C1211,22
C1211,21
C1211,23
C1121,22
C1121,21
C1121,23
C1111,22
M1214,21
M1214,23
N1208,21
N1208,23
C1305,22
C1305,21
C1305,23
C1216,22
C1216,21
C1216,23
C1128,22
C1128,21
C1128,23
C1104,22
C1108,22
C1303,23
C1118,22
C1118,21
C1118,23
M1221,23
C1125,22
C1125,21
C1125,23
C1129,22
C1129,21
C1129,23
M1226,23
C1110,22
C1209,22
C1209,21
I1322,21
C1124,22
C1124,21
C1124,23
C1301,23
C1210,22
C1210,21
C1210,23
C1508,24
F1133,24
C1503,24
C1502,24
C1507,24
C1205,24
C1504,24
K2501,24
C1501,24
C1505,24
I1105,24
C1506,24
G1245,25
G1231,26
G1248,26
N3207,26
L1303,25
G1211,25
G1202,26
G1238,26
G1236,26
G1209,25
G1209,26
G1235,26
G1223,26
G1203,26
G1246,26
K1206,26
G1212,25
G1212,26
L1402,25
E1126,26
N3115,26
L1403,25
G1213,25
D1415,26
G1226,25
K1605,26
E1125,26
N4117,26
F1303,26
N4402,25
E1117,26
J1414,25
G1206,26
G1237,26
G1406,25
K1413,26
G1414,26
G1241,26
K1219,26
G1412,26
G1418,26
G1244,26
G1405,25
N3211,26
G1214,25
L1101,26
A1508,26
G1240,26
G1204,25
G1215,25
A1209,26
G1210,25
G1208,25
G1417,26
E1111,26
G1229,25
G1228,25
G1230,25
M1610,25
A1208,26
A1220,26
G1224,25
G1409,26
L1208,26
I1607,25
G1242,26
G1216,25
G1217,25
G1234,25
I1331,26
G1205,26
G1232,26
A1323,26
G1225,26
A1214,26
N2206,26
K1726,26
G1218,25
G1233,25
G1219,25
L1512,26
K1728,26
G1239,26
G1243,26
A1217,26
G1249,26
C1506,26
G1221,26
G1403,26
L1513,26
N3108,26
L1401,25
G1247,26
G1207,25
D1211,25
D1211,26
D1221,26
E1409,27
I1207,27
I1201,27
L1103,27
L1104,27
E1404,27
M1620,27
E1133,27
E1127,27
D1443,27
M1430,27
M1403,27
E1112,27
E1411,27
E1414,27
M1714,27
M1718,27
E1131,27
M1719,27
E1103,27
I1206,27
M1703,27
E1107,27
E1413,27
M1706,27
E1401,27
E1101,27
E1104,27
E1119,27
D1408,27
D1403,27
E1403,27
E1205,27
E1211,27
E1129,27
M1422,27
E1128,27
M1708,27
M1712,27
E1109,27
E1415,27
M1803,27
M1711,27
M1716,27
E1412,27
M1715,27
M1401,27
E1406,27
E1123,27
K1816,27
E1402,27
E1207,27
M1421,27
M1702,27
E1118,27
M1418,27
E1405,27
E1116,27
M1404,27
D1435,27
D1414,27
M1707,27
D1411,27
M1717,27
M1705,27
E1410,27
M1710,27
M1704,27
E1408,27
E1124,27
I1209,27
E1108,27
E1407,27
E1210,27
I1211,28
D1204,28
I1637,28
H2909,28
I1606,28
H2902,28
D1238,28
I1117,28
I1103,28
I1112,28
I1110,28
I1113,28
D1252,28
I1623,28
D1223,28
D1440,28
D1423,28
I1628,28
D1421,28
D1434,28
D1427,28
D1430,28
I1617,28
C1117,28
I1625,28
I1608,28
I1615,28
K2110,28
C1113,28
D1437,28
H1102,28
F1628,28
H3411,28
I1604,28
I1619,28
I1613,28
I1607,28
I1624,28
H1245,28
H3204,28
D1511,28
I1631,28
I1632,28
I1630,28
H2921,28
I1609,28
H2705,28
I1611,28
I1614,28
I1626,28
I1610,28
I1116,28
I1119,28
I1114,28
I1109,28
I1115,28
I1118,28
D1303,28
I1111,28
H2703,28
I1629,28
H1522,28
H2704,28
I1612,28
I1622,28
I1627,28
I1621,28
D1404,28
D1426,28
I1405,29
M1849,29
M1843,29
M1834,29
M1801,29
M1830,29
M1830,30
M1817,29
I1409,29
M1848,29
M1896,30
M1821,29
M1852,29
M1883,29
G1238,29
I1307,30
M1868,29
M1860,29
M1845,29
M1850,29
M1882,29
M1839,29
M1835,29
M1835,30
M1703,29
M1853,29
E1115,29
M1859,29
M1881,29
M1854,29
M1854,30
M1858,29
M1886,29
M1828,29
M1426,29
E1104,29
E1125,29
I1404,29
M1823,29
M1872,29
M1806,29
M1825,29
M1875,29
M1419,29
M1811,29
E1205,29
M1877,29
M1824,29
M1805,29
M1831,29
M1861,29
M1837,29
M1855,29
H1107,29
M1870,29
M1840,29
M1840,30
M1803,29
M1863,29
M1847,29
M1856,29
M1820,29
M1802,29
M1305,29
M1871,29
M1894,29
M1869,29
M1832,29
M1865,29
M1879,29
M1846,29
M1846,30
M1818,29
M1827,29
M1892,29
M1889,29
I1104,30
M1833,29
M1826,29
M1826,30
H1101,29
M1884,29
M1829,29
M1829,30
M1804,30
M1836,29
M1841,29
M1813,29
F1623,30
I1314,30
I1315,30
E1207,29
M1866,29
M1887,29
M1864,29
M1842,29
N4110,29
I1407,29
I1407,30
M1862,29
M1862,30
M1878,29
M1812,29
I1106,29
I1106,30
M1844,29
M1867,29
F1113,30
M1410,29
M1717,29
E1410,29
H1106,29
M1885,30
M1814,29
M1880,29
M1873,29
M1822,29
M1807,29
M1807,30
M1874,29
M1815,29
E1214,29
E1214,30
I1406,29
M1876,29
M1810,29
I1330,30
I1209,29
I1403,29
I1320,30
I1401,29
I1401,30
I1317,30
I1319,30
M1819,29
I1311,30
M1816,29
M1816,30
I1312,30
E1407,29
M1857,29
M1857,30
M1838,29
E1206,29
E1210,29
L1205,31
E1102,31
E1126,31
E1130,31
M1722,31
L1314,31
M1435,31
M1721,31
E1115,31
E1120,31
E1104,31
E1125,31
E1119,31
L1316,31
E1205,31
M1434,31
E1129,31
L1319,31
L1320,31
E1110,31
E1132,31
K1228,31
E1105,31
M1227,31
K1611,31
L1508,31
E1106,31
E1312,31
E1305,31
E1114,31
E1116,31
M1844,31
E1134,31
E1121,31
E1108,31
E1122,31
F1132,33
F1102,32
F1101,32
F1121,32
F1144,32
F1127,32
F1109,33
F1126,32
F1125,33
H1525,34
C1503,32
C1503,33
K1806,32
H1529,34
K1811,33
H1524,34
F1140,32
A1206,32
F1114,32
F1130,34
F1139,32
H2209,32
F1110,32
F1104,32
M1306,33
F1134,32
F1120,32
F1105,33
F1107,32
F1107,33
F1146,33
F1143,33
F1128,33
A1314,34
F1112,33
H1534,34
F1117,33
F1106,33
F1111,33
F1129,33
F1108,32
H1531,34
H1532,34
H1501,34
C1506,33
H1527,34
F1113,32
H1304,34
H1502,34
H1523,34
H1503,34
H1530,34
I1514,33
I1503,34
H1528,34
H1535,34
H1526,34
K1807,32
F1132,35
F1706,35
H2810,36
F1204,35
I1307,37
F1101,35
F1109,35
F1125,35
F1402,35
F1626,37
F1608,37
F1135,35
C1503,35
F1137,35
F1503,36
F1504,37
I1308,35
F1206,36
F1206,37
A1207,35
F1207,35
F1202,35
F1209,35
I1513,35
F1701,36
F1140,37
F1303,35
F1302,35
N1114,35
N1108,35
A1218,35
F1201,35
F1201,37
F1208,35
N4107,35
F1114,37
F1130,35
F1619,37
F1139,35
F1139,37
F1709,35
I1508,35
H2209,37
F1104,35
F1104,36
F1104,37
F1103,35
I1101,35
I1122,35
F1205,36
F1205,37
F1210,35
F1134,35
F1505,35
F1120,35
F1629,35
F1602,37
F1613,35
F1613,36
F1613,37
F1611,36
F1712,35
F1401,35
F1105,35
F1143,35
F1128,35
F1301,35
F1117,35
F1106,35
H1237,35
F1145,35
F1141,35
I1104,35
F1620,37
F1628,37
F1610,37
F1708,35
F1703,36
F1707,36
F1713,36
F1710,36
F1704,35
I1616,35
F1607,37
F1108,35
F1605,35
F1501,35
F1625,37
F1622,35
F1502,35
F1623,35
B1102,37
I1501,35
H2802,35
H2802,36
H2802,37
A1202,35
F1506,35
F1702,35
F1606,37
H3404,35
H2804,35
H2804,36
H2804,37
F1604,37
F1601,37
F1603,37
I1502,35
F1705,35
F1615,37
F1627,37
F1618,36
F1616,37
F1609,37
F1617,37
F1711,35
F1614,37
I1512,35
F1621,37
F1113,35
B1103,35
F1624,37
I1506,35
F1612,37
I1511,35
F1630,37
I1316,35
A1322,35
A1318,35
I1514,35
I1503,35
I1325,37
I1634,38
D1227,38
H2901,38
H2923,38
H2925,38
H2909,38
B1605,38
H2902,38
H2915,38
H2905,38
H2924,38
H1506,38
H2907,38
H2922,38
H2904,38
H3410,38
B1303,38
H1533,38
H2509,38
H2502,38
H1409,38
B1606,38
H3411,38
I1605,38
H2911,38
H3407,38
H3408,38
B1614,38
H2910,38
H3403,38
H2906,38
B1613,38
B1615,38
H3404,38
H3409,38
H1408,38
B1609,38
B1610,38
H2913,38
H2917,38
H2916,38
B1805,38
H2516,38
H1522,38
H1535,38
H2914,38
H2903,38
G1245,39
G1231,39
G1709,39
G1101,39
A1215,39
N3207,39
I1210,39
I1637,39
K1803,39
G1106,39
G1246,39
G1305,39
G1306,39
N3115,39
D1234,39
G1102,39
G1308,39
G1301,39
N4117,39
N4127,39
G1303,39
G1104,39
G1206,39
L1201,39
G1103,39
G1105,39
G1412,39
G1108,39
G1244,39
G1240,39
G1417,39
G1415,39
G1503,39
G1504,39
G1201,39
G1229,39
G1222,39
G1227,39
G1107,39
K1816,39
L1501,39
G1234,39
N3106,39
G1232,39
D1235,39
D1230,39
G1304,39
M1302,39
G1403,39
G1307,39
D1231,39
I1120,39
N3108,39
G1247,39
G1302,39
G1401,40
G1709,41
G1704,41
I1210,41
G1702,41
G1809,40
G1801,40
D1102,40
G1705,41
G1601,40
G1601,41
G1810,40
G1706,41
G1808,40
G1808,41
G1806,40
G1602,40
G1701,41
G1612,40
G1609,40
G1606,40
G1402,40
G1402,41
G1411,40
G1416,41
M1303,41
G1410,40
G1412,41
G1413,40
G1408,41
G1608,40
G1407,40
G1407,41
G1501,41
G1502,41
G1607,40
G1603,40
G1807,40
G1805,40
G1415,41
D1118,40
D1118,41
G1503,41
G1504,41
D1242,41
G1802,40
G1409,40
G1610,40
G1604,40
G1605,40
G1703,41
G1404,40
G1403,41
G1707,41
D1231,41
I1120,41
G1613,40
G1803,40
G1804,40
G1611,40
G1247,41
D1120,40
G1708,40
G1708,41
G1302,41
M1427,42
M1416,42
M1222,42
M1604,42
M1612,42
M1501,43
D1432,42
M1607,42
M1621,42
M1621,43
M1415,42
M1616,42
M1601,42
K1814,43
M1505,43
M1510,43
M1431,42
M1502,43
M1223,42
M1423,42
K1804,42
M1209,42
M1508,43
K2126,43
K2101,43
M1424,42
M1429,42
C1126,42
C1126,43
M1204,42
M1220,42
H1104,42
M1512,42
M1512,43
M1503,43
D1406,42
M1428,42
M1301,42
M1412,43
M1212,42
M1507,43
H1313,43
M1217,42
M1610,42
M1417,43
M1506,43
K1229,42
M1432,42
M1606,42
G1219,43
C1104,42
M1302,42
K1417,42
K1419,42
M1420,42
M1402,42
M1221,42
M1504,43
M1509,42
M1509,43
M1511,43
M1406,42
M1605,42
C1209,42
M1614,42
M1613,42
H2923,44
H2604,44
H2909,44
H2601,44
H2608,44
H2602,44
H2607,44
H2501,44
H1228,44
H1504,44
H1202,44
H1236,44
I1334,44
B1604,44
H1410,44
H1227,44
H1245,44
H2606,44
H2605,44
H2603,44
E1212,44
H1239,44
H1209,44
I1305,44
H2704,44
A1215,45
H1214,45
A1505,45
K2143,45
K2125,45
H1508,45
K2409,45
K2410,45
H1211,45
K2405,45
H1515,45
H1215,45
K2403,45
K2419,45
M1808,45
M1403,45
A1313,45
H1514,45
K2404,45
H1507,45
H1511,45
M1709,45
I1513,45
K2413,45
K2412,45
K2420,45
K2417,45
K2421,45
K2401,45
K2418,45
K2407,45
A1509,45
H1223,45
M1811,45
M1405,45
K2134,45
M1422,45
K2406,45
A1312,45
M1412,45
K2135,45
M1856,45
K1740,45
H1516,45
M1305,45
M1433,45
M1895,45
F1143,45
A1317,45
F1123,45
A1314,45
K2140,45
H1212,45
H1533,45
A1303,45
K2402,45
H1225,45
M1409,45
H1237,45
H2514,45
M1889,45
H1230,45
H1302,45
M1891,45
H1206,45
F1129,45
H1313,45
H1409,45
H1306,45
M1414,45
H1312,45
K2416,45
K2408,45
H1245,45
M1809,45
F1142,45
H2303,45
K2415,45
K2414,45
I1510,45
H1408,45
H2920,45
J1131,45
M1890,45
H1517,45
M1812,45
M1407,45
H1513,45
H1218,45
H1509,45
H1216,45
M1844,45
M1408,45
H1221,45
H1213,45
D1411,45
F1113,45
H1311,45
H1519,45
H1220,45
C1125,45
H1222,45
J1106,45
H1219,45
M1710,45
H1229,45
I1509,45
K2133,45
M1888,45
H1510,45
H1224,45
M1893,45
H1243,45
M1819,45
I1514,45
H1233,45
B1702,45
I1503,45
H1217,45
H1210,45
A1320,45
E1206,45
H1241,46
H2504,46
H2301,46
H3303,46
M1856,46
F1122,46
H1533,46
H2714,46
H1312,46
H2908,46
H3202,46
H1505,46
H2711,46
H3204,46
K1729,46
H3404,46
H3201,46
H1242,46
H1510,46
H3205,46
H1243,46
H1309,46
H2806,46
H2710,46
H2219,47
H2204,47
H2220,47
H2201,47
H2215,47
A1212,47
H2202,47
H2203,47
A1213,47
H2209,47
H2207,47
H2208,47
H3411,47
H2206,47
H2213,47
H2214,47
F1501,47
H2205,47
H2211,47
A1210,47
H2216,47
H2218,47
H2217,47
H2212,47
D1418,47
H2210,47
H1241,48
H2601,48
H1109,48
I1308,48
H2501,48
F1207,48
H2715,48
F1136,48
K2412,48
H2709,48
H2702,48
F1114,48
I1504,48
F1103,48
A1312,48
I1309,48
I1335,48
F1143,48
F1128,48
F1138,48
F1124,48
A1324,48
H1533,48
H1102,48
F1117,48
F1212,48
F1116,48
H1225,48
H1237,48
H1230,48
F1141,48
H2508,48
F1129,48
H1306,48
I1121,48
F1620,48
F1628,48
F1610,48
H1245,48
F1605,48
I1501,48
H2716,48
I1507,48
H2706,48
H2603,48
H2705,48
I1512,48
F1211,48
I1105,48
H2713,48
I1506,48
I1511,48
H2712,48
H2701,48
K2325,48
H2708,48
H1503,48
I1321,48
H2703,48
I1304,48
H1522,48
H1209,48
H1309,48
H2707,48
I1305,48
I1505,48
H1404,48
H1210,48
H2710,48
H2704,48
K2113,49
K1306,49
K1312,49
K1205,49
K1810,49
J1301,49
J1501,49
K1307,49
K1217,49
K1302,49
K1309,49
K1310,49
K1201,49
J1304,49
K1314,49
K1814,49
K1808,49
K1805,49
K1806,49
K1226,49
K1812,49
N4108,49
K1211,49
K1804,49
K1103,49
K1225,49
K1801,49
K1101,49
K1222,49
K1209,49
K1230,49
G1237,49
K1413,49
K1407,49
K1403,49
M1304,49
K1219,49
K1221,49
K1228,49
K1202,49
K1210,49
K1301,49
K1207,49
G1220,49
K1203,49
K1313,49
K1224,49
J1415,49
K1303,49
J1136,49
C1130,49
J1506,49
J1510,49
K1108,49
K1102,49
K1220,49
K1213,49
K1204,49
K1212,49
K1215,49
K1208,49
K2129,49
K1114,49
J1507,49
G1243,49
K1218,49
M1302,49
K1216,49
K1305,49
E1122,49
K1110,49
M1225,51
M1213,51
M1222,50
M1222,51
M1612,50
M1202,51
K1915,50
K1513,51
K1412,50
D1422,51
C1507,50
M1223,51
K1902,50
K1910,50
K1910,51
M1210,51
M1203,51
M1215,51
M1220,51
K1906,50
M1208,51
M1205,51
M1224,50
M1224,51
M1211,51
K1911,50
K1911,51
K1912,50
M1507,51
K1909,50
K1905,50
K1904,50
K1903,50
K1916,50
K1102,50
K1913,50
M1214,51
K1901,50
M1206,51
H1509,50
K1908,50
K1914,50
M1221,50
M1221,51
H1310,50
M1608,51
M1611,51
M1216,51
M1207,51
K1110,50
K1509,54
K2510,53
K1501,54
A1203,54
I1202,54
K2507,53
K1508,54
K1810,54
I1207,54
K2326,53
K2503,53
K2508,53
K2504,53
K2511,53
K2512,53
K1743,53
M1425,54
K1308,54
K1418,54
G1246,54
M1416,54
K1735,52
F1127,54
F1133,54
M1403,54
K1802,54
K1805,54
K1513,54
K1815,54
K1412,54
K1404,54
A1313,54
K1414,54
A1321,54
K1718,52
A1325,54
K1811,54
K1727,52
A1212,54
I1206,54
K1744,53
K1507,54
K1719,53
K1512,54
C1123,54
K1716,53
I1123,53
K1409,54
M1828,54
K1733,52
K1737,52
K1701,52
K1910,54
K1709,53
N4117,54
N4305,54
N4119,54
A1213,54
N4111,52
I1328,54
K1742,52
K1503,54
K1510,54
C1122,54
K2506,53
K1817,54
K1425,54
K1401,54
K1424,54
K1413,54
K1420,54
M1422,54
M1304,54
M1306,54
K1423,54
K1421,54
K1416,54
A1312,54
A1219,54
K1227,53
K1422,54
K1410,54
F1120,54
K1210,54
I1334,52
D1228,54
K2505,53
K1747,53
K1714,52
K1740,52
A1204,54
K1748,52
K1708,54
K2513,53
K1720,53
K1706,52
M1895,54
F1131,54
A1317,54
C1130,54
C1130,52
C1130,53
C1306,54
C1306,53
F1123,54
K1909,54
A1303,54
A1319,54
H1237,54
F1145,54
H1313,53
A1307,54
K1514,54
K1506,54
K2315,54
K2315,53
K1505,54
K1511,54
K1515,54
K1502,54
K1411,54
A1208,54
A1220,54
K1741,52
K1816,54
K1916,54
K1402,54
J1107,54
K1913,54
K1212,54
N3106,52
N3106,53
K1704,54
K1704,53
K1723,52
K1717,52
N1208,53
K1739,52
K1729,52
K1729,53
K2509,53
A1323,54
A1210,54
K1504,54
K1712,52
K1715,52
K1713,52
N2206,52
N2206,53
K1710,53
K1726,53
K1722,54
K1722,52
K1722,53
K1707,53
K1745,54
K1745,53
K1405,54
K1746,54
H1207,54
K1728,53
G1243,54
K1809,54
A1217,54
K1703,52
K1702,53
H1234,54
A1216,54
K1731,52
K1725,52
K2514,53
F1113,54
M1420,54
M1402,54
H1311,54
M1509,54
K2502,53
K1705,53
M1602,54
K1406,54
K1736,52
K1730,52
K1732,52
K1734,52
K1738,52
K1724,52
M1807,52
K2104,54
K1711,53
K1223,53
I1322,53
I1327,54
A1322,54
A1305,54
A1318,54
K1721,53
A1315,54
C1124,54
K2313,54
K2313,53
A1320,54
A1311,54
H1305,53
K1308,55
K2138,56
G1246,56
K2142,56
K2137,55
K2139,56
K1812,56
K2103,55
K2147,55
K2112,56
K1107,56
K1801,56
K2126,56
K2101,56
K2115,55
K2119,56
J1414,55
K2102,56
K2144,55
K2118,55
K2120,55
K2121,55
K2148,56
G1220,55
K1224,56
K2110,56
J1415,55
M1412,56
K2111,56
K2128,56
K2141,56
K2124,56
K2145,56
D1232,56
K2114,56
D1218,56
M1433,55
F1123,55
K2117,55
M1217,56
K2131,55
I1618,55
I1607,55
I1603,56
I1603,55
K2411,55
K2122,55
K2127,55
K2109,55
K2107,55
K2130,55
K2105,55
K2106,55
K2108,55
K2129,55
K2136,55
K2146,55
K2116,56
K2132,56
K2123,55
K2104,55
K1223,56
N1201,57
N1201,58
N4306,58
N2207,58
N2201,58
N4405,58
N4203,58
N4204,58
N2203,58
N4302,58
M1618,57
D1514,58
N3207,58
N3116,58
K2512,58
N2204,58
N1202,58
N4121,58
N4401,58
J1305,58
N1303,57
M1619,57
N3206,57
N3205,58
N3210,57
J1310,58
M1616,58
N3118,58
N3110,58
N3115,58
N1101,57
N4406,58
H2902,58
N4120,58
I1108,58
N3204,57
N1107,58
N1112,57
N2205,57
N2205,58
N1207,57
N4404,58
N3112,58
N4109,58
N4303,58
N1114,58
N4103,58
N4127,58
N4129,58
N4118,58
N4305,58
N4128,58
N3104,58
N4101,58
N1111,58
N4131,58
N4124,58
N4301,58
N4119,58
N4102,58
N4125,58
N4116,58
N4126,58
N4135,58
N4134,58
N4133,58
N4115,58
N4130,58
N4111,58
N4112,58
N4108,58
N4105,57
N4105,58
N4107,58
N4114,58
N4123,58
N4113,58
N4132,58
N2208,58
N2202,58
K2506,58
N4122,58
N1307,57
N1204,57
N1306,57
N4104,57
N1206,58
N1203,57
N1102,58
N1106,57
M1303,58
H1512,58
N1304,57
N3211,58
M1615,57
N1109,58
F1629,58
I1334,58
H3308,57
H3308,58
K1740,58
M1603,57
N3208,58
C1211,57
F1145,58
N1305,57
N2104,58
N1116,57
N3114,58
N1210,57
N1110,57
N1105,57
N1105,58
N3117,58
N3103,58
N3102,58
N3109,58
I1602,58
N3106,58
N3101,58
N3111,58
N1208,58
N4403,58
N1115,57
N3203,57
I1208,58
N2101,58
N2206,57
N2206,58
N2102,58
N3107,58
N3105,58
N2103,58
N2211,57
K1722,58
N1104,58
N1113,57
N1103,57
D1230,58
N4201,58
E1309,57
N4304,58
I1116,58
N3202,58
N3201,58
N4205,58
N4202,58
N4106,58
I1105,58
N1205,57
N1205,58
N3209,57
N1302,57
N1308,57
N1301,57
N1301,58
H1401,57
I1111,58
N3108,58
G1611,58
N3113,58
N2210,58
N2209,57
I1322,58
I1323,58
I1336,58
N1209,57
N1209,58
J1311,58
G1302,58
