romeCode,departmentId,jobSeekers,jobOffers,jobPeriod,salaryq10,salaryq90,recruitementDifficultyScore,recruitementDifficultyScoreYear
A1101,26,40,50,1er trimestre 2026,1802,2000,,
A1101,49,70,200,1er trimestre 2026,1802,2057,,
A1101,79,30,20,1er trimestre 2026,1802,2188,,
A1101,91,10,40,1er trimestre 2026,1802,2500,,
A1101,95,0,60,1er trimestre 2026,1802,2500,,
A1101,974,70,10,1er trimestre 2026,,,,
A1201,16,10,10,1er trimestre 2026,,,,
A1201,77,30,30,1er trimestre 2026,1802,2000,,
A1201,974,10,20,1er trimestre 2026,,,5,2025
A1202,973,140,0,1er trimestre 2026,,,,
A1203,24,640,160,1er trimestre 2026,1802,2185,1,2025
A1203,43,190,80,1er trimestre 2026,1802,2000,1,2025
A1203,58,290,30,1er trimestre 2026,1802,1967,1,2025
A1204,10,10,0,1er trimestre 2026,,,,
A1204,73,40,10,1er trimestre 2026,,,,
A1205,12,0,,,,,,
A1205,35,0,0,1er trimestre 2026,,,,
A1205,38,0,,,,,,
A1207,04,,,,,,,
A1207,05,,0,1er trimestre 2026,,,,
A1208,02,360,30,1er trimestre 2026,1802,1953,2,2025
A1208,77,340,300,1er trimestre 2026,1802,2100,4,2025
A1209,02,10,10,1er trimestre 2026,,,,
A1209,65,20,10,1er trimestre 2026,1802,2500,,
A1209,70,10,20,1er trimestre 2026,1820,2500,,
A1211,45,10,50,1er trimestre 2026,1870,2287,2,2025
A1211,974,70,10,1er trimestre 2026,,,1,2025
A1213,80,,0,1er trimestre 2026,,,,
A1214,12,,,,,,,
A1216,48,,,,,,,
A1216,74,,,,,,,
A1217,11,,,,,,,
A1217,13,,,,,,,
A1217,18,,,,,,,
A1217,50,,,,,,,
A1217,79,,,,,,,
A1218,42,,,,,,,
A1219,01,,,,,,,
A1219,77,,,,,,,
A1220,2A,,,,,,,
A1221,85,,,,,,,
A1301,06,10,30,1er trimestre 2026,1802,2500,,
A1301,68,10,20,1er trimestre 2026,1802,2750,,
A1301,75,0,90,1er trimestre 2026,1820,2500,,
A1301,77,0,20,1er trimestre 2026,1820,2500,,
A1303,35,140,150,1er trimestre 2026,,,1,2025
A1303,73,40,20,1er trimestre 2026,1802,2991,,
A1304,83,20,60,1er trimestre 2026,,,,
A1305,28,,0,1er trimestre 2026,,,,
A1305,32,,,,,,,
A1306,46,10,,,,,,
A1307,29,,10,1er trimestre 2026,,,5,2025
A1308,09,0,,,,,,
A1308,36,,,,,,,
A1308,44,,0,1er trimestre 2026,,,,
A1308,71,,,,,,,
A1309,23,,,,,,,
A1311,04,10,0,1er trimestre 2026,,,,
A1311,07,10,0,1er trimestre 2026,,,,
A1311,92,0,10,1er trimestre 2026,,,,
A1312,14,10,10,1er trimestre 2026,,,,
A1312,16,,0,1er trimestre 2026,,,,
A1313,22,20,20,1er trimestre 2026,,,,
A1313,26,20,20,1er trimestre 2026,2100,3153,,
A1313,94,40,30,1er trimestre 2026,1820,3838,,
A1314,07,,,,,,,
A1314,13,,,,,,,
A1314,30,,,,,,,
A1314,62,,,,,,,
A1315,11,,,,,,,
A1315,66,,,,,,,
A1316,06,,,,,,,
A1316,17,,,,,,,
A1317,51,,,,,,,
A1318,13,,,,,,,
A1318,30,,,,,,,
A1318,92,,,,,,,
A1319,14,,,,,,,
A1319,47,,,,,,,
A1320,55,,,,,,,
A1322,84,,,,,,,
A1323,01,,,,,,,
A1323,16,,,,,,,
A1323,40,,,,,,,
A1323,75,,,,,,,
A1324,26,,,,,,,
A1325,25,,,,,,,
A1325,82,,,,,,,
A1402,21,90,20,1er trimestre 2026,,,,
A1402,71,80,10,1er trimestre 2026,,,,
A1404,60,0,10,1er trimestre 2026,,,,
A1404,70,0,,,,,,
A1405,09,10,0,1er trimestre 2026,,,,
A1405,30,10,10,1er trimestre 2026,,,1,2025
A1405,87,10,10,1er trimestre 2026,,,,
A1406,18,,,,,,,
A1407,2A,,0,1er trimestre 2026,,,,
A1408,54,0,0,1er trimestre 2026,,,,
A1408,74,10,0,1er trimestre 2026,,,,
A1409,18,10,0,1er trimestre 2026,,,,
A1409,23,,,,,,,
A1409,61,0,,,,,,
A1410,18,30,10,1er trimestre 2026,,,,
A1411,42,,0,1er trimestre 2026,,,,
A1411,68,,0,1er trimestre 2026,,,,
A1411,94,,0,1er trimestre 2026,,,,
A1412,972,0,,,,,,
A1415,23,,,,,,,
A1415,74,0,,,,,,
A1415,90,,,,,,,
A1416,42,120,10,1er trimestre 2026,,,3,2025
A1416,66,120,0,1er trimestre 2026,1802,1850,3,2025
A1417,73,,,,,,,
A1418,93,10,,,,,,
A1419,92,20,20,1er trimestre 2026,1802,2000,,
A1420,39,,0,1er trimestre 2026,,,,
A1420,40,0,0,1er trimestre 2026,,,,
A1421,09,40,,,,,,
A1421,37,20,10,1er trimestre 2026,,,,
A1421,59,140,10,1er trimestre 2026,,,,
A1422,03,0,0,1er trimestre 2026,,,,
A1422,26,10,60,1er trimestre 2026,,,,
A1423,73,10,0,1er trimestre 2026,,,,
A1425,38,,,,,,,
A1427,11,,,,,,,
A1427,75,,,,,,,
A1427,80,,,,,,,
A1427,92,,,,,,,
A1429,25,10,10,1er trimestre 2026,,,,
A1430,02,0,,,,,,
A1430,43,,,,,,,
A1430,92,,,,,,,
A1431,35,,40,1er trimestre 2026,,,,
A1432,08,,,,,,,
A1433,12,180,10,1er trimestre 2026,1802,1850,,
A1433,22,340,160,1er trimestre 2026,1802,1972,1,2025
A1435,56,20,,,,,3,2025
A1435,89,10,,,,,,
A1437,33,,,,,,1,2025
A1439,32,0,,,,,,
A1439,36,,0,1er trimestre 2026,,,,
A1440,29,,,,,,2,2025
A1440,45,,,,,,2,2025
A1442,73,,,,,,,
A1442,94,,,,,,,
A1443,95,,,,,,,
A1445,64,,0,1er trimestre 2026,,,,
A1447,17,,,,,,3,2025
A1447,28,,,,,,,
A1447,49,,,,,,2,2025
A1505,69,10,40,1er trimestre 2026,,,,
A1505,90,,,,,,,
A1506,62,120,10,1er trimestre 2026,,,,
A1506,64,50,20,1er trimestre 2026,,,,
A1507,76,10,,,,,,
A1507,86,,,,,,,
A1508,55,,,,,,,
A1509,21,,,,,,,
A1509,37,,,,,,,
A1509,81,0,,,,,,
A1509,90,,,,,,,
A1509,94,0,,,,,,
A1510,47,10,,,,,,
A1510,90,0,,,,,,
A1511,17,40,0,1er trimestre 2026,,,,
A1511,52,,,,,,,
A1511,83,40,0,1er trimestre 2026,,,,
A1512,22,,,,,,,
A1512,88,,,,,,,
B1101,50,40,10,1er trimestre 2026,,,,
B1101,55,20,0,1er trimestre 2026,,,,
B1102,07,,,,,,,
B1103,56,0,,,,,,
B1103,85,0,,,,,,
B1201,08,,0,1er trimestre 2026,,,,
B1201,13,90,0,1er trimestre 2026,,,,
B1201,42,10,0,1er trimestre 2026,,,,
B1201,72,10,0,1er trimestre 2026,,,,
B1301,12,0,,,,,,
B1303,59,20,10,1er trimestre 2026,,,,
B1303,75,10,0,1er trimestre 2026,,,,
B1401,64,,0,1er trimestre 2026,,,,
B1402,87,0,10,1er trimestre 2026,,,,
B1403,53,,,,,,,
B1403,93,0,,,,,,
B1404,13,,,,,,,
B1404,18,,,,,,,
B1404,25,,,,,,,
B1404,75,0,,,,,,
B1404,88,,,,,,,
B1502,66,0,,,,,,
B1502,78,,,,,,,
B1503,53,,0,1er trimestre 2026,,,,
B1503,80,,0,1er trimestre 2026,,,,
B1504,61,,,,,,,
B1505,78,0,0,1er trimestre 2026,,,,
B1601,10,0,0,1er trimestre 2026,,,,
B1601,23,10,,,,,,
B1601,87,10,,,,,,
B1601,89,10,0,1er trimestre 2026,,,,
B1602,14,10,0,1er trimestre 2026,,,,
B1602,35,20,10,1er trimestre 2026,,,,
B1602,93,0,0,1er trimestre 2026,,,,
B1603,33,10,0,1er trimestre 2026,,,,
B1603,47,,,,,,,
B1603,81,,,,,,,
B1605,46,0,,,,,,
B1605,63,10,0,1er trimestre 2026,,,,
B1606,26,,,,,,,
B1606,65,,,,,,,
B1607,32,,,,,,,
B1607,37,0,,,,,,
B1607,52,,,,,,,
B1608,12,,,,,,,
B1608,55,,,,,,,
B1608,66,,,,,,,
B1609,69,70,20,1er trimestre 2026,,,5,2025
B1611,06,,,,,,,
B1611,73,,,,,,,
B1612,45,,,,,,,
B1612,55,,,,,,,
B1612,91,,,,,,2,2025
B1614,13,0,,,,,,
B1615,39,,,,,,,
B1617,04,,,,,,,
B1617,07,,,,,,,
B1617,62,,,,,,,
B1617,972,,,,,,,
B1618,05,,,,,,,
B1702,31,,,,,,,
B1702,42,,,,,,,
B1802,57,10,,,,,,
B1802,70,10,,,,,,
B1803,94,260,10,1er trimestre 2026,1802,2660,,
B1804,13,10,10,1er trimestre 2026,,,,
B1805,19,20,,,,,,
B1806,26,10,,,,,,
B1807,54,,,,,,,
B1807,69,30,0,1er trimestre 2026,,,,
B1808,30,,,,,,,
B1808,87,,,,,,,
B1808,976,,,,,,,
B1809,01,10,60,1er trimestre 2026,,,,
B1810,01,,,,,,4,2025
B1811,22,0,,,,,,
B1811,23,,,,,,,
B1812,19,,,,,,,
B1812,25,,,,,,,
B1813,27,0,,,,,,
B1813,57,0,0,1er trimestre 2026,,,,
B1814,03,,0,1er trimestre 2026,,,,
B1814,86,,,,,,,
C1101,01,,10,1er trimestre 2026,,,,
C1102,61,20,60,1er trimestre 2026,1802,3333,,
C1103,18,,,,,,,
C1103,2B,0,,,,,,
C1104,03,0,10,1er trimestre 2026,,,,
C1104,22,,10,1er trimestre 2026,,,,
C1105,16,0,0,1er trimestre 2026,,,,
C1105,31,0,10,1er trimestre 2026,,,,
C1105,973,,10,1er trimestre 2026,,,,
C1106,11,,10,1er trimestre 2026,,,,
C1106,972,0,0,1er trimestre 2026,,,,
C1107,28,0,0,1er trimestre 2026,,,,
C1108,74,0,0,1er trimestre 2026,,,,
C1109,25,10,80,1er trimestre 2026,1754,20641,,
C1109,59,260,760,1er trimestre 2026,1802,2492,1,2025
C1109,72,40,80,1er trimestre 2026,1802,2650,,
C1112,90,,0,1er trimestre 2026,,,,
C1114,05,,,,,,,
C1114,48,,,,,,,
C1114,66,,,,,,,
C1115,34,,,,,,,
C1116,10,,,,,,,
C1116,24,,,,,,,
C1116,56,,,,,,,
C1116,62,,,,,,,
C1118,31,,,,,,,
C1118,65,,,,,,,
C1119,26,,,,,,,
C1119,73,,,,,,,
C1121,64,,,,,,,
C1122,04,,,,,,,
C1122,50,,,,,,,
C1122,86,,,,,,,
C1123,971,,,,,,,
C1124,78,,,,,,,
C1126,51,,,,,,,
C1127,09,,,,,,,
C1127,2A,,,,,,,
C1127,42,,,,,,,
C1127,60,,,,,,,
C1127,79,,,,,,,
C1128,34,,,,,,,
C1128,35,,,,,,,
C1128,79,,,,,,,
C1128,86,,,,,,,
C1128,91,,,,,,,
C1129,75,,,,,,,
C1129,91,,,,,,,
C1130,47,,,,,,,
C1130,51,,,,,,,
C1201,30,50,30,1er trimestre 2026,,,,
C1201,76,90,50,1er trimestre 2026,1802,1923,,
C1202,09,0,,,,,,
C1202,35,10,60,1er trimestre 2026,,,,
C1202,86,0,0,1er trimestre 2026,,,,
C1206,63,110,130,1er trimestre 2026,1802,2991,1,2025
C1206,66,100,60,1er trimestre 2026,1802,2169,5,2025
C1206,91,280,340,1er trimestre 2026,1850,3333,5,2025
C1207,35,0,50,1er trimestre 2026,,,,
C1207,54,0,30,1er trimestre 2026,,,,
C1207,972,0,0,1er trimestre 2026,,,,
C1207,974,0,20,1er trimestre 2026,,,,
C1208,31,20,20,1er trimestre 2026,,,3,2025
C1209,11,0,,,,,,
C1209,15,,,,,,,
C1210,14,,,,,,,
C1210,2B,,,,,,,
C1210,59,,,,,,,
C1210,62,,,,,,,
C1211,69,,,,,,,
C1212,42,,,,,,,
C1213,74,,,,,,,
C1213,79,,,,,,,
C1215,08,,,,,,,
C1215,43,,,,,,,
C1215,49,,,,,,,
C1216,46,,,,,,,
C1217,18,,,,,,,
C1217,34,,,,,,,
C1217,66,,,,,,,
C1301,53,10,0,1er trimestre 2026,,,,
C1302,19,,10,1er trimestre 2026,,,,
C1303,25,,10,1er trimestre 2026,,,,
C1303,66,0,20,1er trimestre 2026,,,,
C1303,71,0,10,1er trimestre 2026,,,,
C1304,974,,,,,,,
C1305,68,,,,,,,
C1306,49,,,,,,,
C1306,66,,,,,,,
C1401,88,0,10,1er trimestre 2026,,,,
C1402,76,,,,,,,
C1403,89,,,,,,,
C1403,93,,,,,,,
C1501,10,10,20,1er trimestre 2026,,,,
C1501,25,10,110,1er trimestre 2026,,,,
C1501,27,20,50,1er trimestre 2026,1802,4100,,
C1501,86,10,50,1er trimestre 2026,1971,23077,,
C1503,60,0,10,1er trimestre 2026,,,,
C1503,976,,10,1er trimestre 2026,,,,
C1506,24,0,10,1er trimestre 2026,,,,
C1506,95,30,60,1er trimestre 2026,2385,5833,1,2025
D1101,58,40,90,1er trimestre 2026,1802,2034,,
D1102,43,90,110,1er trimestre 2026,1802,2288,,
D1104,06,710,410,1er trimestre 2026,1802,2564,4,2025
D1104,18,80,90,1er trimestre 2026,1802,2300,,
D1104,57,260,400,1er trimestre 2026,1802,2100,3,2025
D1106,36,220,120,1er trimestre 2026,1802,1949,1,2025
D1107,39,20,10,1er trimestre 2026,,,,
D1107,60,30,30,1er trimestre 2026,,,,
D1107,61,40,10,1er trimestre 2026,,,,
D1107,87,30,30,1er trimestre 2026,,,,
D1107,976,60,0,1er trimestre 2026,,,,
D1108,36,,,,,,,
D1108,56,10,20,1er trimestre 2026,1974,2450,5,2025
D1110,63,0,0,1er trimestre 2026,,,2,2025
D1111,09,,,,,,,
D1111,17,,,,,,,
D1111,39,,,,,,,
D1111,58,,,,,,,
D1111,89,,,,,,,
D1112,75,0,10,1er trimestre 2026,,,,
D1113,21,10,30,1er trimestre 2026,,,,
D1117,65,,0,1er trimestre 2026,,,,
D1118,04,10,,,,,,
D1118,24,,0,1er trimestre 2026,,,2,2025
D1118,51,,,,,,1,2025
D1119,38,,,,,,,
D1119,87,,,,,,,
D1120,12,,,,,,,
D1120,45,,,,,,,
D1201,66,10,,,,,,
D1201,69,10,,,,,,
D1201,85,10,,,,,,
D1203,75,,0,1er trimestre 2026,,,,
D1207,11,10,,,,,,
D1207,31,30,10,1er trimestre 2026,,,,
D1207,87,10,10,1er trimestre 2026,,,,
D1209,22,100,40,1er trimestre 2026,1802,1855,2,2025
D1209,39,20,40,1er trimestre 2026,1802,1885,,
D1210,44,140,70,1er trimestre 2026,,,,
D1210,46,20,10,1er trimestre 2026,,,,
D1210,63,50,30,1er trimestre 2026,1802,2010,,
D1211,10,90,20,1er trimestre 2026,1802,1882,,
D1212,90,90,70,1er trimestre 2026,1802,2083,1,2025
D1214,01,1350,680,1er trimestre 2026,1802,1972,1,2025
D1214,87,950,90,1er trimestre 2026,1802,1972,2,2025
D1214,971,1350,250,1er trimestre 2026,1802,1900,3,2025
D1216,32,0,10,1er trimestre 2026,1802,2000,,
D1216,53,10,10,1er trimestre 2026,1802,2000,,
D1218,16,,,,,,5,2025
D1218,85,10,,,,,5,2025
D1219,38,50,120,1er trimestre 2026,1802,1904,2,2025
D1219,46,30,10,1er trimestre 2026,1802,2000,,
D1219,55,10,20,1er trimestre 2026,1802,1845,,
D1220,29,20,70,1er trimestre 2026,,,5,2025
D1221,35,110,30,1er trimestre 2026,,,1,2025
D1221,56,40,10,1er trimestre 2026,,,2,2025
D1221,95,90,30,1er trimestre 2026,1802,2017,1,2025
D1222,63,10,0,1er trimestre 2026,1802,2048,5,2025
D1222,90,10,0,1er trimestre 2026,,,,
D1222,971,30,10,1er trimestre 2026,,,4,2025
D1223,57,30,20,1er trimestre 2026,,,3,2025
D1223,70,10,0,1er trimestre 2026,,,,
D1224,03,,,,,,,
D1224,33,0,20,1er trimestre 2026,,,,
D1224,59,0,0,1er trimestre 2026,,,,
D1224,74,0,10,1er trimestre 2026,,,,
D1229,02,,0,1er trimestre 2026,,,,
D1229,09,,,,,,,
D1229,36,,,,,,,
D1229,91,0,20,1er trimestre 2026,,,,
D1230,19,,,,,,,
D1230,47,,,,,,,
D1230,64,,0,1er trimestre 2026,,,,
D1230,82,,,,,,,
D1230,94,0,0,1er trimestre 2026,,,,
D1232,91,10,0,1er trimestre 2026,,,5,2025
D1233,01,0,0,1er trimestre 2026,,,,
D1235,60,,0,1er trimestre 2026,,,,
D1235,90,,,,,,,
D1235,94,,0,1er trimestre 2026,,,,
D1236,18,0,0,1er trimestre 2026,,,,
D1236,39,0,,,,,,
D1236,50,20,10,1er trimestre 2026,,,,
D1237,27,10,0,1er trimestre 2026,,,4,2025
D1237,61,0,,,,,,
D1237,90,10,,,,,,
D1238,35,0,10,1er trimestre 2026,,,,
D1238,76,10,0,1er trimestre 2026,,,,
D1238,971,10,,,,,1,2025
D1239,39,10,,,,,,
D1239,57,0,,,,,5,2025
D1239,64,0,,,,,5,2025
D1240,24,80,10,1er trimestre 2026,1802,1843,5,2025
D1242,13,30,60,1er trimestre 2026,1802,2092,,
D1243,08,20,,,,,,
D1243,26,10,10,1er trimestre 2026,,,,
D1245,971,,,,,,,
D1246,21,,,,,,,
D1247,976,,,,,,,
D1248,06,,,,,,,
D1250,24,,,,,,,
D1250,46,,,,,,,
D1250,63,,,,,,,
D1251,15,,,,,,,
D1252,07,,,,,,,
D1252,72,,,,,,,
D1252,93,,,,,,,
D1303,11,0,10,1er trimestre 2026,,,,
D1304,73,,0,1er trimestre 2026,,,1,2025
D1304,972,0,,,,,3,2025
D1305,16,,,,,,,
D1305,50,,,,,,5,2025
D1305,52,,,,,,,
D1305,974,,0,1er trimestre 2026,,,3,2025
D1401,01,380,670,1er trimestre 2026,1802,2500,3,2025
D1402,61,30,100,1er trimestre 2026,1802,2500,,
D1402,85,120,270,1er trimestre 2026,1820,3083,4,2025
D1404,2A,30,30,1er trimestre 2026,,,5,2025
D1404,66,170,190,1er trimestre 2026,1802,2300,1,2025
D1406,51,50,200,1er trimestre 2026,,,,
D1406,74,190,200,1er trimestre 2026,1814,5000,1,2025
D1406,76,120,250,1er trimestre 2026,,,1,2025
D1406,78,240,310,1er trimestre 2026,2019,5000,1,2025
D1407,12,40,230,1er trimestre 2026,1810,2917,,
D1408,78,390,330,1er trimestre 2026,1802,2500,1,2025
D1410,64,100,400,1er trimestre 2026,1802,3000,1,2025
D1411,05,,,,,,,
D1411,39,,,,,,,
D1411,40,,,,,,,
D1412,46,,,,,,,
D1412,83,30,20,1er trimestre 2026,,,,
D1412,86,0,20,1er trimestre 2026,,,,
D1413,03,0,10,1er trimestre 2026,,,,
D1413,41,0,0,1er trimestre 2026,,,,
D1413,75,10,120,1er trimestre 2026,,,2,2025
D1415,71,10,40,1er trimestre 2026,1802,22246,1,2025
D1416,73,100,360,1er trimestre 2026,1833,2667,1,2025
D1418,43,,,,,,,
D1419,15,,,,,,,
D1420,29,60,190,1er trimestre 2026,,,3,2025
D1420,79,20,130,1er trimestre 2026,1802,4167,5,2025
D1420,83,150,120,1er trimestre 2026,1802,4417,3,2025
D1421,12,,0,1er trimestre 2026,,,,
D1421,73,,0,1er trimestre 2026,,,1,2025
D1422,15,,10,1er trimestre 2026,1802,2431,,
D1423,66,0,,,,,1,2025
D1423,971,,,,,,3,2025
D1424,18,30,10,1er trimestre 2026,,,,
D1425,08,,0,1er trimestre 2026,,,,
D1425,28,,0,1er trimestre 2026,,,,
D1429,65,10,0,1er trimestre 2026,,,1,2025
D1429,89,20,10,1er trimestre 2026,1802,2000,2,2025
D1430,15,,,,,,,
D1430,68,10,10,1er trimestre 2026,,,1,2025
D1431,12,,0,1er trimestre 2026,,,1,2025
D1432,32,,0,1er trimestre 2026,,,1,2025
D1432,60,10,40,1er trimestre 2026,,,1,2025
D1432,83,20,10,1er trimestre 2026,,,1,2025
D1434,16,0,10,1er trimestre 2026,,,,
D1434,87,0,0,1er trimestre 2026,,,,
D1435,46,,,,,,,
D1435,972,0,,,,,1,2025
D1436,84,0,0,1er trimestre 2026,,,2,2025
D1437,38,10,,,,,3,2025
D1438,10,,0,1er trimestre 2026,,,1,2025
D1438,65,,0,1er trimestre 2026,,,1,2025
D1438,85,0,10,1er trimestre 2026,,,1,2025
D1438,93,10,20,1er trimestre 2026,,,1,2025
D1439,33,,,,,,,
D1439,72,,,,,,,
D1440,60,,,,,,,
D1440,82,,,,,,,
D1442,03,,,,,,,
D1442,80,,,,,,,
D1443,08,,,,,,,
D1443,32,,,,,,,
D1444,57,,,,,,,
D1501,15,0,20,1er trimestre 2026,1802,2500,,
D1501,25,50,130,1er trimestre 2026,1802,2178,,
D1503,06,70,140,1er trimestre 2026,1836,2302,,
D1503,49,20,110,1er trimestre 2026,1834,2578,,
D1504,95,100,250,1er trimestre 2026,2205,4383,,
D1506,95,70,30,1er trimestre 2026,1802,3174,,
D1506,971,30,10,1er trimestre 2026,,,3,2025
D1507,26,1470,940,1er trimestre 2026,1802,1932,1,2025
D1507,70,900,350,1er trimestre 2026,1802,1932,1,2025
D1508,77,50,140,1er trimestre 2026,1822,2236,,
D1508,89,0,20,1er trimestre 2026,1802,2181,,
D1509,73,10,110,1er trimestre 2026,1885,24923,,
D1509,92,70,330,1er trimestre 2026,2000,2917,1,2025
D1510,40,10,10,1er trimestre 2026,,,,
D1511,22,0,10,1er trimestre 2026,,,2,2025
D1511,61,,10,1er trimestre 2026,,,1,2025
D1511,68,10,30,1er trimestre 2026,1802,1860,1,2025
D1512,02,,,,,,,
D1513,07,,,,,,,
D1513,41,,,,,,,
D1513,59,,,,,,,
D1514,39,,,,,,,
D1515,03,,,,,,,
D1517,09,,,,,,,
E1101,85,60,20,1er trimestre 2026,,,,
E1103,35,160,80,1er trimestre 2026,,,1,2025
E1103,94,270,100,1er trimestre 2026,1820,3333,1,2025
E1106,23,10,,,,,,
E1106,72,40,0,1er trimestre 2026,,,,
E1106,77,140,10,1er trimestre 2026,,,,
E1107,42,130,20,1er trimestre 2026,1802,2631,,
E1108,31,210,10,1er trimestre 2026,,,,
E1109,13,250,130,1er trimestre 2026,,,1,2025
E1109,33,200,80,1er trimestre 2026,,,1,2025
E1109,66,30,20,1er trimestre 2026,,,,
E1109,77,90,40,1er trimestre 2026,,,1,2025
E1109,89,10,10,1er trimestre 2026,,,,
E1110,31,,,,,,,
E1110,92,10,10,1er trimestre 2026,,,1,2025
E1111,2B,,10,1er trimestre 2026,,,,
E1111,48,,,,,,,
E1112,976,30,10,1er trimestre 2026,,,,
E1113,29,30,60,1er trimestre 2026,,,,
E1114,51,0,0,1er trimestre 2026,,,,
E1115,80,0,,,,,,
E1115,85,0,,,,,,
E1116,12,0,,,,,,
E1116,14,,10,1er trimestre 2026,,,,
E1118,30,,,,,,,
E1120,2B,,,,,,,
E1120,44,0,20,1er trimestre 2026,,,,
E1120,81,0,,,,,,
E1121,14,0,0,1er trimestre 2026,,,,
E1121,43,,,,,,,
E1122,52,0,,,,,,
E1122,71,,,,,,,
E1123,19,0,,,,,,
E1125,17,10,0,1er trimestre 2026,,,,
E1125,34,190,10,1er trimestre 2026,,,,
E1127,76,0,0,1er trimestre 2026,,,,
E1128,06,10,0,1er trimestre 2026,,,,
E1128,62,0,,,,,,
E1128,90,,,,,,,
E1129,85,10,0,1er trimestre 2026,,,,
E1131,50,,,,,,,
E1131,51,,,,,,,
E1131,54,,,,,,,
E1131,60,,,,,,,
E1132,39,,,,,,,
E1132,59,,,,,,,
E1133,11,,,,,,,
E1133,87,,,,,,,
E1134,41,,,,,,,
E1134,55,,,,,,,
E1134,90,,,,,,,
E1202,10,,,,,,,
E1203,46,,,,,,,
E1203,48,,,,,,,
E1204,53,,10,1er trimestre 2026,,,,
E1205,47,80,30,1er trimestre 2026,1808,2917,,
E1206,974,10,10,1er trimestre 2026,,,1,2025
E1207,39,0,40,1er trimestre 2026,,,,
E1207,42,0,20,1er trimestre 2026,,,,
E1208,38,0,0,1er trimestre 2026,,,,
E1208,74,0,,,,,,
E1209,50,,,,,,,
E1209,81,,,,,,,
E1210,18,10,,,,,,
E1210,37,50,0,1er trimestre 2026,,,,
E1210,48,0,,,,,,
E1210,77,70,0,1er trimestre 2026,,,,
E1210,973,0,,,,,,
E1212,30,,,,,,,
E1212,38,,,,,,,
E1213,69,,,,,,,
E1214,38,,,,,,,
E1214,68,,,,,,,
E1301,27,10,100,1er trimestre 2026,1802,2060,,
E1303,12,,0,1er trimestre 2026,,,,
E1303,87,0,10,1er trimestre 2026,,,,
E1305,04,,,,,,,
E1305,22,,,,,,,
E1307,56,0,60,1er trimestre 2026,,,,
E1308,34,0,30,1er trimestre 2026,1802,2250,,
E1309,43,,,,,,,
E1309,82,,,,,,,
E1310,46,,,,,,,
E1310,48,,,,,,,
E1310,59,10,30,1er trimestre 2026,,,,
E1310,75,0,0,1er trimestre 2026,,,,
E1311,06,,,,,,,
E1311,28,,0,1er trimestre 2026,,,,
E1311,65,,,,,,,
E1311,90,,,,,,,
E1311,92,,,,,,,
E1312,91,10,0,1er trimestre 2026,,,,
E1313,49,,0,1er trimestre 2026,,,,
E1313,58,,,,,,,
E1315,29,,0,1er trimestre 2026,,,,
E1316,28,,,,,,,
E1401,33,20,30,1er trimestre 2026,,,,
E1401,90,0,,,,,,
E1402,30,,,,,,,
E1404,23,,,,,,,
E1404,28,,0,1er trimestre 2026,,,,
E1404,59,10,10,1er trimestre 2026,,,,
E1405,12,,10,1er trimestre 2026,,,,
E1405,69,20,120,1er trimestre 2026,,,,
E1406,2A,,,,,,,
E1407,2A,,0,1er trimestre 2026,,,,
E1407,70,,,,,,,
E1407,87,0,0,1er trimestre 2026,,,,
E1409,02,,0,1er trimestre 2026,,,,
E1409,51,,0,1er trimestre 2026,,,,
E1410,03,,0,1er trimestre 2026,,,,
E1410,33,,0,1er trimestre 2026,,,,
E1411,05,,,,,,,
E1411,75,,0,1er trimestre 2026,,,1,2025
E1411,92,,0,1er trimestre 2026,,,1,2025
E1413,74,10,,,,,,
F1102,46,10,10,1er trimestre 2026,,,,
F1102,69,320,70,1er trimestre 2026,,,1,2025
F1104,53,20,110,1er trimestre 2026,1802,2917,,
F1105,06,20,20,1er trimestre 2026,,,,
F1105,39,,0,1er trimestre 2026,,,,
F1106,17,10,120,1er trimestre 2026,1802,3333,5,2025
F1106,18,0,40,1er trimestre 2026,,,,
F1106,80,10,80,1er trimestre 2026,,,,
F1107,71,20,60,1er trimestre 2026,,,,
F1108,31,40,90,1er trimestre 2026,1802,2427,,
F1108,75,20,260,1er trimestre 2026,1972,3590,,
F1108,81,0,40,1er trimestre 2026,1802,2427,,
F1109,06,10,40,1er trimestre 2026,,,,
F1109,13,10,40,1er trimestre 2026,,,5,2025
F1109,65,10,0,1er trimestre 2026,,,,
F1110,13,10,60,1er trimestre 2026,1802,2833,4,2025
F1110,69,30,120,1er trimestre 2026,1833,3226,5,2025
F1110,90,0,,,,,,
F1111,08,0,10,1er trimestre 2026,,,,
F1111,91,50,90,1er trimestre 2026,,,5,2025
F1112,33,50,530,1er trimestre 2026,2275,3739,5,2025
F1113,07,0,10,1er trimestre 2026,,,,
F1113,78,80,80,1er trimestre 2026,2123,5417,5,2025
F1114,30,10,10,1er trimestre 2026,,,5,2025
F1114,72,0,10,1er trimestre 2026,,,5,2025
F1116,976,,,,,,,
F1117,48,,,,,,,
F1117,59,30,520,1er trimestre 2026,2244,25128,5,2025
F1117,83,10,30,1er trimestre 2026,,,5,2025
F1117,89,0,10,1er trimestre 2026,,,,
F1117,971,,10,1er trimestre 2026,,,5,2025
F1118,18,,,,,,,
F1118,19,,,,,,,
F1118,35,,,,,,,
F1119,25,,,,,,,
F1119,51,,0,1er trimestre 2026,,,,
F1120,56,20,160,1er trimestre 2026,1802,2400,,
F1120,93,20,200,1er trimestre 2026,2000,4167,,
F1121,2A,,,,,,,
F1121,34,0,,,,,1,2025
F1121,42,,,,,,,
F1121,50,,,,,,,
F1122,01,,10,1er trimestre 2026,,,5,2025
F1122,72,,,,,,5,2025
F1122,89,,,,,,,
F1123,87,,,,,,,
F1124,35,10,,,,,,
F1125,72,0,20,1er trimestre 2026,1820,2303,5,2025
F1126,51,10,10,1er trimestre 2026,,,,
F1126,71,10,,,,,,
F1128,60,0,20,1er trimestre 2026,,,,
F1128,69,20,50,1er trimestre 2026,,,,
F1128,85,0,40,1er trimestre 2026,,,,
F1131,15,,,,,,,
F1133,03,,0,1er trimestre 2026,,,,
F1133,84,0,30,1er trimestre 2026,,,,
F1134,06,0,0,1er trimestre 2026,,,5,2025
F1134,971,,,,,,5,2025
F1137,36,,10,1er trimestre 2026,,,,
F1138,2B,,,,,,,
F1139,94,80,20,1er trimestre 2026,,,,
F1140,05,30,0,1er trimestre 2026,1802,2308,,
F1140,26,30,20,1er trimestre 2026,1820,2244,,
F1142,45,,,,,,5,2025
F1145,91,,,,,,,
F1146,38,,,,,,,
F1201,33,340,1900,1er trimestre 2026,1820,3333,5,2025
F1201,60,140,370,1er trimestre 2026,1802,3333,5,2025
F1201,72,60,400,1er trimestre 2026,1802,3033,,
F1202,03,20,140,1er trimestre 2026,1802,3000,,
F1205,28,20,70,1er trimestre 2026,,,5,2025
F1205,31,40,420,1er trimestre 2026,1820,3333,5,2025
F1205,57,20,190,1er trimestre 2026,1802,3590,5,2025
F1205,72,10,90,1er trimestre 2026,2042,3692,,
F1205,976,10,10,1er trimestre 2026,,,,
F1206,51,40,130,1er trimestre 2026,1820,2917,,
F1206,61,10,70,1er trimestre 2026,1802,2600,,
F1207,48,,0,1er trimestre 2026,,,,
F1207,86,0,10,1er trimestre 2026,1811,2500,,
F1208,11,10,70,1er trimestre 2026,1802,3070,3,2025
F1209,69,10,150,1er trimestre 2026,1938,2991,5,2025
F1210,13,0,30,1er trimestre 2026,,,5,2025
F1211,11,,,,,,,
F1211,18,,,,,,,
F1211,72,,,,,,,
F1212,29,,,,,,,
F1301,19,20,30,1er trimestre 2026,1802,2145,,
F1301,80,20,50,1er trimestre 2026,1802,2333,,
F1301,89,20,60,1er trimestre 2026,1802,2193,,
F1302,34,550,1050,1er trimestre 2026,1802,2083,1,2025
F1302,78,270,240,1er trimestre 2026,1802,2400,3,2025
F1303,34,,,,,,1,2025
F1401,24,0,30,1er trimestre 2026,1802,2250,,
F1401,2B,,0,1er trimestre 2026,,,,
F1402,64,10,30,1er trimestre 2026,,,,
F1402,67,0,20,1er trimestre 2026,,,,
F1402,972,0,0,1er trimestre 2026,,,,
F1403,18,,,,,,,
F1403,48,,,,,,,
F1403,89,,,,,,,
F1404,66,,,,,,,
F1501,39,10,0,1er trimestre 2026,,,,
F1501,46,10,0,1er trimestre 2026,,,,
F1502,14,20,200,1er trimestre 2026,1802,2412,,
F1502,60,20,80,1er trimestre 2026,1802,2000,,
F1503,05,100,80,1er trimestre 2026,1802,2300,,
F1504,79,0,0,1er trimestre 2026,,,,
F1506,44,,,,,,,
F1603,26,130,240,1er trimestre 2026,1802,2200,4,2025
F1605,26,30,410,1er trimestre 2026,1802,2123,,
F1607,29,30,80,1er trimestre 2026,1802,2213,5,2025
F1608,01,90,100,1er trimestre 2026,1802,2250,5,2025
F1608,09,10,40,1er trimestre 2026,1802,2207,,
F1608,33,330,410,1er trimestre 2026,1802,2145,5,2025
F1608,43,20,40,1er trimestre 2026,1802,2250,,
F1608,59,600,460,1er trimestre 2026,1802,2221,5,2025
F1608,61,30,30,1er trimestre 2026,1802,2500,,
F1608,83,400,290,1er trimestre 2026,1802,2500,5,2025
F1608,973,150,10,1er trimestre 2026,,,2,2025
F1609,64,20,100,1er trimestre 2026,1802,2145,,
F1610,64,20,70,1er trimestre 2026,1802,2500,,
F1611,05,10,20,1er trimestre 2026,1802,2244,,
F1611,53,20,70,1er trimestre 2026,1802,2275,,
F1612,06,30,60,1er trimestre 2026,1816,2188,,
F1613,89,20,20,1er trimestre 2026,1802,2083,,
F1614,72,100,300,1er trimestre 2026,1802,2083,5,2025
F1616,54,20,150,1er trimestre 2026,1802,2123,5,2025
F1616,72,10,100,1er trimestre 2026,1802,2123,5,2025
F1617,78,0,,,,,5,2025
F1617,88,,0,1er trimestre 2026,,,5,2025
F1618,19,,10,1er trimestre 2026,,,,
F1618,56,0,20,1er trimestre 2026,1802,2356,,
F1618,70,,0,1er trimestre 2026,,,,
F1620,43,50,80,1er trimestre 2026,1802,2308,5,2025
F1621,77,0,0,1er trimestre 2026,,,3,2025
F1622,52,,0,1er trimestre 2026,,,,
F1622,65,0,,,,,,
F1623,84,20,20,1er trimestre 2026,,,,
F1624,14,,0,1er trimestre 2026,,,,
F1624,57,0,0,1er trimestre 2026,,,,
F1624,83,20,0,1er trimestre 2026,,,,
F1627,54,10,20,1er trimestre 2026,,,5,2025
F1628,80,,,,,,4,2025
F1628,86,,,,,,5,2025
F1630,14,,0,1er trimestre 2026,,,,
F1630,38,0,0,1er trimestre 2026,,,5,2025
F1630,48,,,,,,,
F1630,67,0,10,1er trimestre 2026,,,5,2025
F1630,89,,,,,,,
F1701,01,30,180,1er trimestre 2026,1802,2236,,
F1701,11,50,60,1er trimestre 2026,1802,2207,,
F1701,53,10,190,1er trimestre 2026,1802,2201,,
F1702,59,420,890,1er trimestre 2026,1802,1972,5,2025
F1705,25,10,340,1er trimestre 2026,1802,2026,,
F1705,67,20,200,1er trimestre 2026,1802,2199,,
F1706,18,0,,,,,,
F1707,01,10,20,1er trimestre 2026,1820,2123,5,2025
F1707,973,0,,,,,2,2025
F1709,49,20,20,1er trimestre 2026,,,5,2025
F1709,51,10,0,1er trimestre 2026,,,4,2025
F1709,62,50,40,1er trimestre 2026,1802,1850,3,2025
F1711,11,0,0,1er trimestre 2026,,,,
F1711,59,20,40,1er trimestre 2026,,,5,2025
F1711,69,90,50,1er trimestre 2026,,,5,2025
F1712,23,,,,,,,
F1712,2A,,,,,,,
F1713,69,,,,,,,
F1713,75,,,,,,,
G1101,93,180,20,1er trimestre 2026,,,,
G1102,81,20,,,,,,
G1103,61,,,,,,,
G1103,71,,,,,,,
G1106,35,20,0,1er trimestre 2026,,,,
G1106,39,0,,,,,,
G1106,52,,,,,,,
G1106,90,0,,,,,,
G1108,45,,,,,,,
G1108,75,,,,,,2,2025
G1201,57,10,0,1er trimestre 2026,,,,
G1201,93,40,40,1er trimestre 2026,,,1,2025
G1202,02,30,0,1er trimestre 2026,1802,2048,1,2025
G1203,974,3030,690,1er trimestre 2026,1802,2096,1,2025
G1204,18,50,10,1er trimestre 2026,1802,3640,4,2025
G1204,28,100,30,1er trimestre 2026,1802,3640,2,2025
G1205,39,0,0,1er trimestre 2026,,,,
G1205,42,,10,1er trimestre 2026,,,,
G1205,44,10,10,1er trimestre 2026,,,,
G1205,84,30,10,1er trimestre 2026,,,,
G1206,24,0,0,1er trimestre 2026,,,,
G1206,35,10,10,1er trimestre 2026,,,,
G1207,88,10,30,1er trimestre 2026,1802,1938,2,2025
G1208,28,10,0,1er trimestre 2026,,,2,2025
G1208,87,10,0,1er trimestre 2026,,,3,2025
G1209,30,190,20,1er trimestre 2026,1802,3033,2,2025
G1209,37,70,10,1er trimestre 2026,,,4,2025
G1210,50,10,0,1er trimestre 2026,,,4,2025
G1212,06,0,,,,,3,2025
G1213,95,10,,,,,1,2025
G1214,29,0,0,1er trimestre 2026,,,2,2025
G1214,974,10,0,1er trimestre 2026,,,1,2025
G1214,976,,,,,,,
G1215,55,,,,,,,
G1215,971,,,,,,2,2025
G1216,74,80,10,1er trimestre 2026,,,,
G1217,07,40,10,1er trimestre 2026,1802,3640,2,2025
G1218,79,0,,,,,4,2025
G1218,973,,,,,,1,2025
G1219,09,,,,,,,
G1219,15,,,,,,,
G1219,43,,,,,,,
G1220,34,10,10,1er trimestre 2026,1805,2368,1,2025
G1220,93,0,10,1er trimestre 2026,1900,3196,4,2025
G1221,25,,,,,,,
G1223,32,10,0,1er trimestre 2026,,,,
G1223,38,60,20,1er trimestre 2026,,,2,2025
G1223,44,90,10,1er trimestre 2026,,,4,2025
G1224,07,20,10,1er trimestre 2026,1811,2511,2,2025
G1225,13,10,,,,,,
G1225,84,0,,,,,,
G1228,52,,,,,,,
G1229,42,,,,,,,
G1229,64,0,,,,,,
G1230,58,0,,,,,,
G1231,68,10,,,,,,
G1232,33,10,10,1er trimestre 2026,,,,
G1232,88,0,10,1er trimestre 2026,,,,
G1234,37,,,,,,1,2025
G1234,66,,,,,,3,2025
G1234,74,10,,,,,,
G1234,972,,,,,,4,2025
G1235,18,10,130,1er trimestre 2026,,,1,2025
G1235,76,50,60,1er trimestre 2026,,,3,2025
G1235,77,90,50,1er trimestre 2026,,,1,2025
G1235,90,0,40,1er trimestre 2026,,,1,2025
G1237,81,20,20,1er trimestre 2026,1831,2308,2,2025
G1238,12,20,0,1er trimestre 2026,,,,
G1238,60,20,0,1er trimestre 2026,,,3,2025
G1239,02,0,10,1er trimestre 2026,,,1,2025
G1239,10,0,0,1er trimestre 2026,,,,
G1239,974,20,0,1er trimestre 2026,,,1,2025
G1240,56,60,10,1er trimestre 2026,,,2,2025
G1240,71,20,0,1er trimestre 2026,,,3,2025
G1240,73,40,10,1er trimestre 2026,,,2,2025
G1240,77,10,10,1er trimestre 2026,,,1,2025
G1240,85,40,10,1er trimestre 2026,,,1,2025
G1241,70,,0,1er trimestre 2026,,,3,2025
G1242,80,0,,,,,2,2025
G1243,52,,,,,,,
G1244,50,,,,,,,
G1244,61,,,,,,,
G1244,77,,,,,,,
G1246,972,,,,,,,
G1247,33,,,,,,,
G1247,42,,,,,,,
G1248,27,,,,,,,
G1248,35,,,,,,,
G1249,23,,,,,,,
G1249,75,,,,,,,
G1249,90,,,,,,,
G1301,04,,,,,,,
G1302,78,10,50,1er trimestre 2026,,,,
G1302,79,0,10,1er trimestre 2026,,,,
G1303,78,90,50,1er trimestre 2026,1802,2333,,
G1303,79,10,10,1er trimestre 2026,,,,
G1304,02,,0,1er trimestre 2026,,,,
G1304,08,,0,1er trimestre 2026,,,,
G1304,41,,0,1er trimestre 2026,,,,
G1304,80,,0,1er trimestre 2026,,,,
G1305,07,0,0,1er trimestre 2026,,,,
G1307,57,,,,,,,
G1307,70,,,,,,,
G1402,21,20,70,1er trimestre 2026,,,,
G1402,51,10,40,1er trimestre 2026,,,,
G1402,54,20,30,1er trimestre 2026,,,,
G1404,30,20,60,1er trimestre 2026,1846,3000,,
G1404,69,70,350,1er trimestre 2026,1905,2692,,
G1405,2B,0,,,,,,
G1405,88,0,,,,,,
G1406,971,0,,,,,,
G1407,02,,,,,,,
G1407,30,0,,,,,2,2025
G1407,49,0,,,,,,
G1407,64,0,0,1er trimestre 2026,,,,
G1408,17,10,10,1er trimestre 2026,,,,
G1410,2A,30,0,1er trimestre 2026,,,3,2025
G1410,2B,10,0,1er trimestre 2026,,,2,2025
G1410,46,0,0,1er trimestre 2026,,,,
G1410,87,10,10,1er trimestre 2026,,,,
G1411,03,0,10,1er trimestre 2026,,,,
G1411,11,10,0,1er trimestre 2026,,,3,2025
G1411,82,10,10,1er trimestre 2026,,,,
G1411,86,10,20,1er trimestre 2026,,,,
G1412,62,0,,,,,,
G1414,80,10,0,1er trimestre 2026,,,,
G1415,54,0,,,,,,
G1415,75,10,0,1er trimestre 2026,,,3,2025
G1415,82,0,,,,,,
G1416,13,10,10,1er trimestre 2026,,,,
G1416,58,0,0,1er trimestre 2026,,,,
G1416,95,0,0,1er trimestre 2026,,,,
G1417,46,,,,,,,
G1418,974,,,,,,,
G1501,23,20,20,1er trimestre 2026,1802,1952,,
G1501,31,410,250,1er trimestre 2026,1802,1903,2,2025
G1501,48,30,70,1er trimestre 2026,1802,1903,,
G1501,63,210,250,1er trimestre 2026,1802,1972,3,2025
G1502,27,40,30,1er trimestre 2026,1802,1996,,
G1503,49,20,30,1er trimestre 2026,1802,2199,,
G1504,10,,,,,,,
G1504,26,,,,,,,
G1603,13,3360,2670,1er trimestre 2026,1802,1896,2,2025
G1603,25,470,660,1er trimestre 2026,1802,1859,4,2025
G1604,14,30,60,1er trimestre 2026,1802,2064,,
G1604,85,50,100,1er trimestre 2026,1802,2123,,
G1605,87,90,60,1er trimestre 2026,1802,1972,1,2025
G1606,09,30,30,1er trimestre 2026,1802,2200,4,2025
G1606,85,120,240,1er trimestre 2026,1802,2200,5,2025
G1607,42,670,90,1er trimestre 2026,1802,2000,2,2025
G1608,34,10,20,1er trimestre 2026,,,2,2025
G1608,39,,,,,,2,2025
G1608,971,10,,,,,1,2025
G1609,12,270,340,1er trimestre 2026,1802,2301,3,2025
G1609,79,220,350,1er trimestre 2026,1802,2275,5,2025
G1610,25,10,20,1er trimestre 2026,,,4,2025
G1610,88,10,10,1er trimestre 2026,1813,2199,4,2025
G1611,03,,,,,,2,2025
G1611,21,,0,1er trimestre 2026,,,2,2025
G1611,49,,0,1er trimestre 2026,,,3,2025
G1611,974,0,,,,,1,2025
G1612,31,10,20,1er trimestre 2026,,,2,2025
G1613,63,,,,,,4,2025
G1613,70,0,0,1er trimestre 2026,,,4,2025
G1701,48,0,0,1er trimestre 2026,,,,
G1701,94,10,10,1er trimestre 2026,,,,
G1703,47,70,160,1er trimestre 2026,1802,2030,3,2025
G1703,48,20,140,1er trimestre 2026,1802,2000,,
G1703,81,90,280,1er trimestre 2026,1802,2000,4,2025
G1704,40,0,0,1er trimestre 2026,,,3,2025
G1705,64,0,,,,,,
G1706,22,10,20,1er trimestre 2026,,,4,2025
G1706,43,0,,,,,,
G1706,973,,0,1er trimestre 2026,,,1,2025
G1707,19,,,,,,,
G1707,62,,,,,,,
G1707,81,,,,,,,
G1708,01,10,0,1er trimestre 2026,,,,
G1708,70,,0,1er trimestre 2026,,,,
G1708,92,20,0,1er trimestre 2026,,,,
G1709,75,,,,,,,
G1709,80,,,,,,,
G1801,17,400,240,1er trimestre 2026,1802,2220,3,2025
G1802,22,70,70,1er trimestre 2026,1820,2531,,
G1804,34,60,20,1er trimestre 2026,,,,
G1805,976,,0,1er trimestre 2026,,,,
G1806,44,0,0,1er trimestre 2026,,,,
G1806,59,0,0,1er trimestre 2026,,,,
G1808,30,30,0,1er trimestre 2026,,,3,2025
G1808,33,80,20,1er trimestre 2026,,,3,2025
G1809,39,20,,,,,2,2025
G1809,61,10,,,,,3,2025
G1809,63,40,20,1er trimestre 2026,1802,2179,3,2025
G1809,973,10,,,,,2,2025
G1810,40,120,100,1er trimestre 2026,1832,2305,3,2025
G1810,976,0,0,1er trimestre 2026,,,,
H1101,93,10,50,1er trimestre 2026,2241,4167,2,2025
H1101,973,,10,1er trimestre 2026,,,,
H1103,44,0,30,1er trimestre 2026,,,4,2025
H1103,57,0,10,1er trimestre 2026,,,5,2025
H1105,57,0,0,1er trimestre 2026,,,5,2025
H1107,11,0,,,,,,
H1107,82,0,,,,,,
H1108,31,30,230,1er trimestre 2026,1820,2917,,
H1108,55,0,0,1er trimestre 2026,,,,
H1109,14,,,,,,,
H1201,02,,0,1er trimestre 2026,,,,
H1201,09,,0,1er trimestre 2026,,,,
H1201,36,0,10,1er trimestre 2026,,,,
H1201,44,0,10,1er trimestre 2026,,,,
H1202,56,0,50,1er trimestre 2026,1820,2583,,
H1202,78,0,130,1er trimestre 2026,1987,3333,,
H1203,11,20,60,1er trimestre 2026,1820,2618,,
H1205,71,20,0,1er trimestre 2026,,,,
H1206,82,30,90,1er trimestre 2026,1972,4167,,
H1209,28,0,10,1er trimestre 2026,1820,2417,,
H1210,03,10,50,1er trimestre 2026,1802,2667,,
H1210,77,30,160,1er trimestre 2026,1892,23333,,
H1211,03,,0,1er trimestre 2026,,,,
H1211,57,0,,,,,5,2025
H1211,60,10,,,,,2,2025
H1212,15,,,,,,,
H1212,41,,0,1er trimestre 2026,,,,
H1212,95,0,,,,,4,2025
H1212,974,,,,,,2,2025
H1213,47,,,,,,,
H1213,86,0,,,,,5,2025
H1214,36,,0,1er trimestre 2026,,,,
H1215,07,,,,,,,
H1215,2A,,,,,,,
H1215,51,0,,,,,5,2025
H1215,972,0,,,,,1,2025
H1216,23,,,,,,,
H1216,48,,,,,,,
H1217,973,,,,,,,
H1220,13,,,,,,5,2025
H1221,19,,,,,,,
H1221,25,,,,,,3,2025
H1221,32,,,,,,,
H1222,29,,,,,,5,2025
H1222,52,,,,,,,
H1223,54,,0,1er trimestre 2026,,,5,2025
H1224,18,10,10,1er trimestre 2026,,,,
H1225,52,,,,,,,
H1226,82,,,,,,,
H1226,88,,,,,,,
H1227,16,,0,1er trimestre 2026,,,,
H1227,74,0,,,,,,
H1228,17,,,,,,,
H1228,95,0,10,1er trimestre 2026,,,,
H1229,74,,,,,,,
H1231,56,,,,,,,
H1231,66,,,,,,,
H1232,72,0,10,1er trimestre 2026,,,,
H1233,52,,,,,,,
H1234,08,,,,,,,
H1235,45,20,50,1er trimestre 2026,2000,3333,,
H1236,23,,0,1er trimestre 2026,,,,
H1236,28,0,30,1er trimestre 2026,,,,
H1236,45,0,50,1er trimestre 2026,,,,
H1236,56,0,80,1er trimestre 2026,1833,2618,,
H1237,57,0,0,1er trimestre 2026,,,5,2025
H1238,43,0,10,1er trimestre 2026,,,,
H1238,84,0,40,1er trimestre 2026,,,,
H1238,93,0,70,1er trimestre 2026,,,1,2025
H1239,40,0,10,1er trimestre 2026,,,,
H1239,86,,10,1er trimestre 2026,,,,
H1240,34,,,,,,,
H1240,77,,,,,,,
H1240,83,,,,,,,
H1240,93,0,0,1er trimestre 2026,,,,
H1242,56,,,,,,,
H1242,974,,,,,,,
H1243,74,,,,,,,
H1243,95,,,,,,,
H1246,09,,,,,,,
H1246,33,,,,,,,
H1301,25,,60,1er trimestre 2026,1802,2500,,
H1302,45,30,80,1er trimestre 2026,,,,
H1302,56,20,70,1er trimestre 2026,,,,
H1302,86,0,50,1er trimestre 2026,,,,
H1302,90,0,10,1er trimestre 2026,,,,
H1303,24,0,30,1er trimestre 2026,1805,2500,,
H1303,976,10,0,1er trimestre 2026,,,,
H1305,14,0,,,,,,
H1305,62,0,0,1er trimestre 2026,,,,
H1307,19,,,,,,,
H1308,46,0,10,1er trimestre 2026,,,,
H1308,70,0,10,1er trimestre 2026,,,,
H1308,973,0,0,1er trimestre 2026,,,,
H1309,08,10,20,1er trimestre 2026,,,,
H1310,51,,,,,,,
H1310,64,,,,,,,
H1312,2A,,,,,,,
H1312,65,,,,,,,
H1313,18,,,,,,,
H1313,94,,,,,,,
H1313,971,,,,,,,
H1401,55,0,10,1er trimestre 2026,,,,
H1401,84,20,90,1er trimestre 2026,1802,2788,,
H1403,64,50,190,1er trimestre 2026,1802,2500,,
H1405,64,0,60,1er trimestre 2026,,,,
H1405,94,40,70,1er trimestre 2026,,,,
H1408,77,,,,,,,
H1408,81,,,,,,,
H1409,92,,,,,,,
H1502,50,10,220,1er trimestre 2026,1820,3750,5,2025
H1502,56,20,200,1er trimestre 2026,1802,3033,,
H1502,92,70,650,1er trimestre 2026,1972,4583,3,2025
H1504,79,10,140,1er trimestre 2026,1802,2500,,
H1505,48,,,,,,,
H1505,90,0,,,,,,
H1505,971,0,,,,,,
H1505,973,,,,,,,
H1506,14,20,90,1er trimestre 2026,1803,2500,,
H1506,972,0,,,,,,
H1507,11,0,0,1er trimestre 2026,,,,
H1507,79,0,10,1er trimestre 2026,,,,
H1508,03,,0,1er trimestre 2026,,,,
H1508,45,0,20,1er trimestre 2026,,,5,2025
H1509,03,,,,,,,
H1509,17,,,,,,4,2025
H1509,35,0,,,,,5,2025
H1510,75,20,10,1er trimestre 2026,,,,
H1511,51,,0,1er trimestre 2026,,,1,2025
H1511,67,0,10,1er trimestre 2026,,,3,2025
H1511,95,0,0,1er trimestre 2026,,,5,2025
H1512,08,,,,,,,
H1512,25,,,,,,,
H1512,52,,,,,,,
H1513,2B,,,,,,,
H1513,72,,,,,,,
H1514,10,,,,,,,
H1514,60,,,,,,5,2025
H1515,24,,10,1er trimestre 2026,,,,
H1515,32,0,10,1er trimestre 2026,,,,
H1516,19,,,,,,,
H1516,70,0,0,1er trimestre 2026,,,,
H1517,75,,,,,,,
H1518,03,,10,1er trimestre 2026,2100,3487,,
H1518,67,20,60,1er trimestre 2026,,,3,2025
H1519,12,,,,,,,
H1519,29,,,,,,4,2025
H1519,34,,0,1er trimestre 2026,,,2,2025
H1519,52,,,,,,,
H1519,68,,,,,,3,2025
H1520,76,50,110,1er trimestre 2026,2385,3750,3,2025
H1520,973,,30,1er trimestre 2026,,,,
H1521,34,0,0,1er trimestre 2026,,,2,2025
H1522,19,10,10,1er trimestre 2026,,,,
H1523,29,20,100,1er trimestre 2026,,,4,2025
H1525,76,,0,1er trimestre 2026,,,1,2025
H1525,86,,,,,,,
H1526,80,,,,,,,
H1526,87,,,,,,,
H1527,25,10,40,1er trimestre 2026,,,4,2025
H1528,13,30,450,1er trimestre 2026,1802,2400,2,2025
H1528,48,0,10,1er trimestre 2026,,,,
H1528,49,30,430,1er trimestre 2026,1802,2500,5,2025
H1529,07,,,,,,,
H1529,21,,,,,,5,2025
H1529,26,,0,1er trimestre 2026,,,5,2025
H1529,69,,,,,,4,2025
H1530,28,0,20,1er trimestre 2026,,,,
H1530,2B,,0,1er trimestre 2026,,,,
H1530,74,10,20,1er trimestre 2026,,,1,2025
H1532,10,,,,,,,
H1532,64,,20,1er trimestre 2026,,,5,2025
H1533,46,,,,,,,
H1533,58,,,,,,,
H1534,38,10,20,1er trimestre 2026,,,,
H1535,74,,,,,,,
H2101,61,30,20,1er trimestre 2026,,,,
H2101,84,10,10,1er trimestre 2026,,,,
H2102,83,20,20,1er trimestre 2026,1802,2083,2,2025
H2103,2A,,,,,,,
H2103,973,,,,,,,
H2104,02,,,,,,3,2025
H2104,11,,,,,,4,2025
H2104,63,,0,1er trimestre 2026,,,4,2025
H2105,64,410,590,1er trimestre 2026,1802,1862,5,2025
H2107,81,,,,,,,
H2108,91,,,,,,,
H2201,01,10,40,1er trimestre 2026,1802,1972,,
H2201,08,10,0,1er trimestre 2026,,,,
H2201,87,10,20,1er trimestre 2026,,,,
H2202,2A,0,10,1er trimestre 2026,,,,
H2203,73,0,40,1er trimestre 2026,1802,1950,,
H2204,60,0,0,1er trimestre 2026,,,,
H2204,63,0,30,1er trimestre 2026,1802,2991,,
H2205,11,,0,1er trimestre 2026,,,,
H2205,40,10,50,1er trimestre 2026,1802,1941,,
H2205,73,0,20,1er trimestre 2026,1802,1896,,
H2206,57,180,340,1er trimestre 2026,1802,2123,5,2025
H2208,56,10,0,1er trimestre 2026,,,,
H2209,10,10,10,1er trimestre 2026,,,,
H2209,32,0,10,1er trimestre 2026,,,,
H2209,49,0,130,1er trimestre 2026,1802,2750,,
H2211,47,,0,1er trimestre 2026,,,,
H2213,24,,,,,,5,2025
H2213,25,,,,,,5,2025
H2214,18,0,,,,,,
H2214,48,,,,,,,
H2214,56,,,,,,,
H2214,78,,,,,,,
H2215,72,,0,1er trimestre 2026,,,,
H2216,19,,,,,,,
H2217,05,,,,,,,
H2217,09,,,,,,,
H2218,55,,,,,,,
H2218,59,,,,,,,
H2218,79,,,,,,,
H2219,2A,,,,,,,
H2219,47,,,,,,,
H2219,59,,,,,,,
H2220,2B,,,,,,,
H2220,85,,,,,,,
H2301,38,40,70,1er trimestre 2026,1802,2333,2,2025
H2302,15,0,20,1er trimestre 2026,1802,2334,,
H2302,23,,,,,,,
H2302,46,0,,,,,,
H2303,33,40,30,1er trimestre 2026,1802,1892,5,2025
H2304,18,0,10,1er trimestre 2026,1802,2123,,
H2401,84,10,10,1er trimestre 2026,,,,
H2402,19,0,10,1er trimestre 2026,1802,1900,,
H2403,49,0,20,1er trimestre 2026,,,,
H2403,68,0,10,1er trimestre 2026,,,,
H2404,92,,10,1er trimestre 2026,,,,
H2405,23,,,,,,,
H2405,92,,,,,,,
H2407,34,0,0,1er trimestre 2026,,,,
H2408,06,,0,1er trimestre 2026,,,,
H2408,17,0,0,1er trimestre 2026,,,,
H2409,41,0,0,1er trimestre 2026,,,,
H2410,74,0,10,1er trimestre 2026,,,,
H2410,84,,0,1er trimestre 2026,,,,
H2411,57,10,0,1er trimestre 2026,,,,
H2412,52,,0,1er trimestre 2026,,,,
H2412,54,,0,1er trimestre 2026,,,,
H2412,65,,,,,,,
H2412,77,10,0,1er trimestre 2026,,,,
H2413,971,,,,,,,
H2414,04,,,,,,,
H2415,06,,10,1er trimestre 2026,,,,
H2415,19,0,0,1er trimestre 2026,,,,
H2415,39,,0,1er trimestre 2026,,,,
H2415,94,0,0,1er trimestre 2026,,,,
H2415,971,,,,,,,
H2416,42,,,,,,,
H2416,46,,,,,,,
H2416,66,,,,,,,
H2417,06,,,,,,,
H2417,29,,,,,,,
H2418,93,0,0,1er trimestre 2026,,,,
H2419,31,,,,,,,
H2420,30,,,,,,,
H2420,91,,0,1er trimestre 2026,,,,
H2421,04,,,,,,,
H2421,971,,,,,,,
H2422,72,,,,,,2,2025
H2422,82,,,,,,,
H2423,04,0,,,,,,
H2423,38,0,20,1er trimestre 2026,,,,
H2423,41,0,10,1er trimestre 2026,,,,
H2423,80,,20,1er trimestre 2026,,,,
H2423,89,,0,1er trimestre 2026,,,,
H2424,30,,,,,,,
H2424,59,,,,,,,
H2424,84,,0,1er trimestre 2026,,,,
H2425,04,,,,,,,
H2425,14,,,,,,,
H2426,84,,,,,,,
H2426,974,,0,1er trimestre 2026,,,,
H2427,73,,,,,,,
H2427,973,,,,,,,
H2501,13,0,20,1er trimestre 2026,,,,
H2501,18,,10,1er trimestre 2026,,,,
H2503,19,0,60,1er trimestre 2026,1802,2502,,
H2503,38,30,210,1er trimestre 2026,1802,2917,,
H2503,44,20,300,1er trimestre 2026,1802,2500,,
H2503,51,10,80,1er trimestre 2026,1802,2680,,
H2503,69,40,400,1er trimestre 2026,1802,2917,,
H2504,86,0,70,1er trimestre 2026,,,,
H2505,50,0,20,1er trimestre 2026,,,,
H2506,11,0,10,1er trimestre 2026,,,,
H2506,22,10,160,1er trimestre 2026,1802,2917,,
H2506,66,0,10,1er trimestre 2026,,,,
H2507,29,30,540,1er trimestre 2026,1802,2991,5,2025
H2507,42,50,870,1er trimestre 2026,1820,3638,5,2025
H2507,85,40,1030,1er trimestre 2026,1802,2917,5,2025
H2508,74,,,,,,2,2025
H2508,85,,,,,,5,2025
H2509,30,,,,,,2,2025
H2509,68,0,,,,,4,2025
H2510,14,20,60,1er trimestre 2026,,,5,2025
H2510,19,10,30,1er trimestre 2026,,,,
H2510,74,20,80,1er trimestre 2026,,,2,2025
H2511,06,,,,,,,
H2511,57,,,,,,,
H2511,973,,,,,,,
H2513,09,,,,,,,
H2513,51,,,,,,,
H2513,59,,,,,,,
H2515,63,,,,,,,
H2516,18,,,,,,,
H2516,19,,,,,,,
H2601,10,,10,1er trimestre 2026,1802,2083,,
H2601,16,,10,1er trimestre 2026,,,,
H2601,46,,0,1er trimestre 2026,,,,
H2602,92,20,170,1er trimestre 2026,1802,2500,,
H2603,16,20,20,1er trimestre 2026,,,,
H2603,77,20,60,1er trimestre 2026,1802,2911,,
H2604,78,10,80,1er trimestre 2026,1802,2333,,
H2605,34,50,140,1er trimestre 2026,1802,2123,3,2025
H2605,39,0,10,1er trimestre 2026,,,,
H2607,06,,,,,,,
H2607,54,,,,,,,
H2607,63,,,,,,,
H2608,62,,,,,,,
H2701,05,0,0,1er trimestre 2026,,,,
H2701,57,20,30,1er trimestre 2026,1802,2917,,
H2703,52,,,,,,,
H2703,79,,,,,,,
H2704,27,,,,,,,
H2705,64,,,,,,,
H2706,26,0,10,1er trimestre 2026,,,,
H2706,28,,,,,,,
H2707,93,,,,,,,
H2707,974,,,,,,,
H2708,28,,0,1er trimestre 2026,,,,
H2708,31,,,,,,,
H2708,84,0,10,1er trimestre 2026,,,,
H2709,11,,0,1er trimestre 2026,,,,
H2710,25,,,,,,,
H2711,25,,,,,,,
H2711,75,,,,,,,
H2713,08,,,,,,,
H2714,86,,,,,,,
H2714,94,,,,,,,
H2715,25,,,,,,,
H2715,35,,,,,,,
H2715,38,,,,,,,
H2715,83,,,,,,,
H2715,91,,,,,,,
H2715,93,,,,,,,
H2715,94,,,,,,,
H2716,37,,,,,,,
H2801,38,10,10,1er trimestre 2026,1802,2094,,
H2803,37,,10,1er trimestre 2026,,,,
H2803,74,0,30,1er trimestre 2026,,,,
H2804,35,0,110,1er trimestre 2026,1802,1972,,
H2805,01,,,,,,,
H2805,05,,0,1er trimestre 2026,,,,
H2805,07,,,,,,,
H2805,73,,0,1er trimestre 2026,,,,
H2805,86,,,,,,,
H2806,15,,,,,,,
H2806,92,,,,,,,
H2808,16,,,,,,,
H2808,82,,,,,,,
H2808,94,,,,,,,
H2809,91,,,,,,,
H2810,66,,,,,,,
H2810,70,,,,,,,
H2810,974,,,,,,,
H2811,86,,,,,,,
H2901,30,20,140,1er trimestre 2026,1802,2100,,
H2901,43,0,90,1er trimestre 2026,1802,2400,,
H2901,974,20,20,1er trimestre 2026,,,,
H2902,05,10,20,1er trimestre 2026,1802,2275,,
H2902,16,100,270,1er trimestre 2026,1802,2083,5,2025
H2902,68,220,380,1er trimestre 2026,1802,2123,5,2025
H2905,47,10,30,1er trimestre 2026,1802,1900,,
H2905,48,0,10,1er trimestre 2026,,,,
H2905,53,10,270,1er trimestre 2026,1802,1972,,
H2905,62,30,130,1er trimestre 2026,1802,2020,,
H2905,976,0,0,1er trimestre 2026,,,,
H2906,69,100,940,1er trimestre 2026,1802,2000,5,2025
H2907,95,10,70,1er trimestre 2026,,,,
H2908,10,0,0,1er trimestre 2026,,,,
H2908,92,10,10,1er trimestre 2026,,,,
H2909,05,0,20,1er trimestre 2026,,,,
H2909,17,110,330,1er trimestre 2026,1802,1972,5,2025
H2911,21,10,110,1er trimestre 2026,1802,2244,,
H2911,91,30,40,1er trimestre 2026,1802,2468,,
H2915,52,0,20,1er trimestre 2026,,,,
H2917,49,80,280,1er trimestre 2026,1802,2000,5,2025
H2918,02,0,,,,,5,2025
H2918,87,0,10,1er trimestre 2026,,,,
H2918,92,,10,1er trimestre 2026,,,,
H2919,2A,,,,,,,
H2919,40,,,,,,,
H2919,92,,,,,,,
H2920,81,,,,,,,
H2921,10,,,,,,,
H2921,29,,,,,,,
H2921,94,,,,,,,
H2921,974,,,,,,,
H2922,11,,,,,,,
H2922,34,,,,,,,
H2922,40,,,,,,,
H2922,55,,,,,,,
H2922,63,,,,,,,
H2922,75,,,,,,,
H2924,88,,,,,,,
H2925,25,,,,,,,
H3101,50,,0,1er trimestre 2026,,,,
H3101,79,0,10,1er trimestre 2026,1802,2011,,
H3103,70,,0,1er trimestre 2026,,,,
H3104,06,10,0,1er trimestre 2026,,,,
H3104,10,10,0,1er trimestre 2026,1802,2123,,
H3104,30,10,0,1er trimestre 2026,,,,
H3106,63,,,,,,,
H3201,79,10,10,1er trimestre 2026,1802,1917,,
H3202,35,20,190,1er trimestre 2026,1802,2083,,
H3202,51,20,50,1er trimestre 2026,1802,2500,,
H3202,971,,0,1er trimestre 2026,,,,
H3203,17,130,800,1er trimestre 2026,1802,1972,5,2025
H3203,55,,10,1er trimestre 2026,,,,
H3203,61,0,20,1er trimestre 2026,1802,2499,,
H3203,77,0,20,1er trimestre 2026,,,,
H3205,08,,,,,,,
H3205,11,,,,,,,
H3205,39,,,,,,,
H3205,74,,,,,,,
H3301,41,30,60,1er trimestre 2026,1802,1999,,
H3301,45,150,230,1er trimestre 2026,1802,1999,5,2025
H3302,03,540,200,1er trimestre 2026,1802,1982,,
H3303,29,10,100,1er trimestre 2026,1802,1947,,
H3303,40,0,60,1er trimestre 2026,1802,2100,,
H3303,66,0,10,1er trimestre 2026,1802,2131,,
H3303,81,10,40,1er trimestre 2026,1802,2131,,
H3304,37,0,0,1er trimestre 2026,,,3,2025
H3304,92,,0,1er trimestre 2026,,,,
H3305,24,50,70,1er trimestre 2026,1802,1918,5,2025
H3305,36,20,40,1er trimestre 2026,1802,1967,,
H3306,65,,,,,,,
H3307,01,,,,,,,
H3307,05,,,,,,,
H3307,32,,,,,,,
H3307,64,,,,,,,
H3307,971,,,,,,,
H3308,973,,,,,,,
H3401,83,10,30,1er trimestre 2026,1802,2300,,
H3401,84,0,20,1er trimestre 2026,1802,2300,,
H3401,976,0,,,,,,
H3402,23,,0,1er trimestre 2026,,,,
H3402,87,0,20,1er trimestre 2026,1802,1972,,
H3403,92,,0,1er trimestre 2026,,,,
H3406,04,,,,,,,
H3406,52,,30,1er trimestre 2026,,,,
H3406,80,,10,1er trimestre 2026,,,,
H3407,30,,,,,,,
H3407,35,,,,,,,
H3410,36,,,,,,,
H3410,53,,,,,,,
H3410,95,,,,,,,
H3411,05,,,,,,,
H3411,87,,,,,,,
I1101,47,10,10,1er trimestre 2026,1864,3846,,
I1102,60,20,260,1er trimestre 2026,1802,4167,,
I1102,61,10,70,1er trimestre 2026,,,,
I1102,66,10,40,1er trimestre 2026,1820,3941,,
I1103,07,20,10,1er trimestre 2026,1833,2991,,
I1103,56,40,80,1er trimestre 2026,1896,2917,,
I1103,82,20,20,1er trimestre 2026,1830,2900,,
I1104,13,0,10,1er trimestre 2026,,,5,2025
I1104,62,,0,1er trimestre 2026,,,,
I1106,39,,,,,,,
I1106,76,,,,,,,
I1107,13,,0,1er trimestre 2026,,,5,2025
I1107,48,,,,,,,
I1107,69,,0,1er trimestre 2026,,,5,2025
I1108,02,,,,,,,
I1109,58,,0,1er trimestre 2026,,,,
I1109,976,0,0,1er trimestre 2026,,,,
I1110,69,,,,,,5,2025
I1111,33,0,80,1er trimestre 2026,,,5,2025
I1111,34,,10,1er trimestre 2026,,,4,2025
I1112,60,0,0,1er trimestre 2026,,,,
I1112,973,,,,,,5,2025
I1113,65,,,,,,,
I1114,44,,0,1er trimestre 2026,,,,
I1114,95,,0,1er trimestre 2026,,,5,2025
I1115,45,,0,1er trimestre 2026,,,,
I1116,29,,,,,,,
I1117,03,,,,,,,
I1117,34,,,,,,4,2025
I1117,87,,,,,,,
I1117,89,,0,1er trimestre 2026,,,,
I1120,34,,,,,,,
I1121,26,,,,,,,
I1122,12,,,,,,,
I1123,14,,,,,,,
I1201,66,0,10,1er trimestre 2026,,,,
I1202,37,20,10,1er trimestre 2026,,,,
I1203,91,720,870,1er trimestre 2026,1802,2500,2,2025
I1204,75,0,0,1er trimestre 2026,,,2,2025
I1204,84,10,10,1er trimestre 2026,1820,2100,2,2025
I1205,18,,0,1er trimestre 2026,,,1,2025
I1205,64,,10,1er trimestre 2026,,,1,2025
I1205,78,10,40,1er trimestre 2026,1850,2000,5,2025
I1205,971,10,10,1er trimestre 2026,,,3,2025
I1206,03,,,,,,,
I1206,83,0,,,,,,
I1206,973,,,,,,,
I1207,38,0,0,1er trimestre 2026,,,,
I1210,36,,,,,,,
I1210,90,,,,,,,
I1210,93,,,,,,,
I1211,23,,,,,,,
I1211,59,,,,,,,
I1211,77,,,,,,,
I1211,90,,,,,,,
I1212,73,,,,,,,
I1212,94,,,,,,,
I1301,08,0,10,1er trimestre 2026,,,,
I1301,09,0,10,1er trimestre 2026,,,,
I1303,80,0,10,1er trimestre 2026,,,,
I1304,2A,10,30,1er trimestre 2026,,,,
I1307,72,10,30,1er trimestre 2026,,,,
I1309,43,10,60,1er trimestre 2026,1802,2517,,
I1309,53,20,150,1er trimestre 2026,1802,2371,,
I1309,75,450,960,1er trimestre 2026,1802,2750,3,2025
I1309,95,410,540,1er trimestre 2026,1802,2750,5,2025
I1310,60,20,330,1er trimestre 2026,1802,2188,,
I1310,83,30,240,1er trimestre 2026,1802,2500,,
I1311,15,20,10,1er trimestre 2026,1802,2123,,
I1312,03,0,10,1er trimestre 2026,,,,
I1313,976,0,,,,,,
I1314,26,0,20,1er trimestre 2026,1802,2244,5,2025
I1314,46,0,10,1er trimestre 2026,,,,
I1314,92,20,50,1er trimestre 2026,,,5,2025
I1315,58,0,,,,,,
I1317,80,10,30,1er trimestre 2026,,,5,2025
I1317,973,10,10,1er trimestre 2026,,,3,2025
I1318,94,,40,1er trimestre 2026,,,5,2025
I1319,21,0,0,1er trimestre 2026,,,5,2025
I1319,92,0,10,1er trimestre 2026,,,5,2025
I1320,35,10,50,1er trimestre 2026,1805,2750,4,2025
I1321,35,0,10,1er trimestre 2026,,,5,2025
I1321,43,0,,,,,,
I1322,60,,0,1er trimestre 2026,,,,
I1322,73,,,,,,,
I1324,56,30,110,1er trimestre 2026,1802,2454,5,2025
I1324,72,20,100,1er trimestre 2026,1802,2500,5,2025
I1325,91,0,10,1er trimestre 2026,2180,3000,5,2025
I1327,09,,0,1er trimestre 2026,,,,
I1327,10,0,10,1er trimestre 2026,,,,
I1327,59,10,60,1er trimestre 2026,,,5,2025
I1328,55,,0,1er trimestre 2026,,,,
I1328,71,,0,1er trimestre 2026,,,,
I1328,78,0,,,,,5,2025
I1329,10,0,,,,,,
I1329,971,20,0,1er trimestre 2026,,,2,2025
I1331,36,,,,,,,
I1331,47,,,,,,,
I1332,17,10,20,1er trimestre 2026,1923,29000,5,2025
I1332,48,,0,1er trimestre 2026,,,,
I1332,83,10,20,1er trimestre 2026,,,5,2025
I1334,24,,,,,,,
I1334,30,,,,,,,
I1334,974,0,,,,,5,2025
I1335,29,10,110,1er trimestre 2026,1802,2750,5,2025
I1335,54,10,160,1er trimestre 2026,1802,2917,5,2025
I1402,05,0,30,1er trimestre 2026,,,,
I1402,27,20,110,1er trimestre 2026,1802,2917,,
I1403,54,,,,,,,
I1403,82,,,,,,,
I1403,89,,,,,,,
I1407,2B,0,0,1er trimestre 2026,,,,
I1407,41,0,,,,,,
I1408,32,,,,,,,
I1408,73,,,,,,,
I1408,974,,,,,,1,2025
I1409,34,10,20,1er trimestre 2026,,,2,2025
I1409,36,,10,1er trimestre 2026,,,,
I1409,63,0,20,1er trimestre 2026,,,,
I1409,72,10,20,1er trimestre 2026,,,,
I1502,49,10,10,1er trimestre 2026,,,,
I1503,08,70,40,1er trimestre 2026,1802,2000,,
I1503,35,,0,1er trimestre 2026,,,,
I1503,78,0,20,1er trimestre 2026,,,,
I1504,23,,,,,,,
I1505,01,,10,1er trimestre 2026,,,,
I1505,94,0,10,1er trimestre 2026,,,,
I1506,46,0,,,,,,
I1506,52,,,,,,,
I1507,21,,0,1er trimestre 2026,,,,
I1507,77,,,,,,,
I1508,18,0,10,1er trimestre 2026,,,,
I1509,12,,,,,,,
I1510,08,,,,,,,
I1510,25,,,,,,,
I1510,75,,,,,,,
I1511,04,,,,,,,
I1511,22,,,,,,,
I1511,34,,,,,,,
I1511,83,,,,,,,
I1512,77,,,,,,,
I1513,52,,,,,,,
I1513,54,,,,,,,
I1514,92,,,,,,,
I1601,12,0,,,,,,
I1601,14,10,10,1er trimestre 2026,1802,1972,,
I1601,68,0,0,1er trimestre 2026,,,,
I1602,973,10,20,1er trimestre 2026,,,,
I1603,29,10,300,1er trimestre 2026,1802,2200,,
I1604,06,640,970,1er trimestre 2026,1802,2325,5,2025
I1605,34,70,40,1er trimestre 2026,1802,2250,,
I1605,70,,10,1er trimestre 2026,,,,
I1606,05,20,30,1er trimestre 2026,1802,2513,,
I1607,03,10,10,1er trimestre 2026,1802,2300,,
I1609,44,30,210,1er trimestre 2026,1833,2100,5,2025
I1609,65,10,30,1er trimestre 2026,1820,24000,,
I1610,31,10,10,1er trimestre 2026,,,5,2025
I1611,04,10,10,1er trimestre 2026,1802,2100,5,2025
I1612,73,0,20,1er trimestre 2026,1818,2737,5,2025
I1612,85,10,30,1er trimestre 2026,,,5,2025
I1613,71,30,270,1er trimestre 2026,1802,2417,5,2025
I1615,83,30,30,1er trimestre 2026,1802,2692,5,2025
I1615,976,,,,,,,
I1616,26,20,140,1er trimestre 2026,1802,2500,,
I1617,2A,0,20,1er trimestre 2026,,,5,2025
I1617,2B,0,10,1er trimestre 2026,,,3,2025
I1617,55,10,20,1er trimestre 2026,1802,2231,5,2025
I1617,77,30,80,1er trimestre 2026,1802,2400,5,2025
I1618,49,20,30,1er trimestre 2026,1802,2077,,
I1619,21,20,10,1er trimestre 2026,,,,
I1619,59,180,30,1er trimestre 2026,,,2,2025
I1619,91,30,0,1er trimestre 2026,1802,2333,4,2025
I1620,04,10,0,1er trimestre 2026,,,,
I1622,48,,,,,,,
I1622,67,,10,1er trimestre 2026,,,5,2025
I1622,88,,0,1er trimestre 2026,,,5,2025
I1623,13,50,450,1er trimestre 2026,1856,2349,5,2025
I1624,36,,,,,,5,2025
I1624,51,,,,,,5,2025
I1624,75,,10,1er trimestre 2026,,,5,2025
I1624,90,,,,,,5,2025
I1625,03,0,,,,,,
I1626,974,,10,1er trimestre 2026,,,3,2025
I1627,12,,,,,,5,2025
I1627,49,,,,,,5,2025
I1627,50,,,,,,5,2025
I1628,42,,,,,,,
I1628,89,,,,,,,
I1629,54,,0,1er trimestre 2026,,,4,2025
I1630,19,,,,,,,
I1630,46,,,,,,,
I1630,70,,,,,,,
I1631,19,,,,,,,
I1632,37,,,,,,,
I1634,33,,,,,,,
I1634,70,,,,,,,
I1635,24,,,,,,,
I1635,66,,,,,,,
I1635,81,,,,,,,
I1635,93,,,,,,,
I1637,974,,,,,,,
J1101,12,,10,1er trimestre 2026,,,,
J1102,14,10,810,1er trimestre 2026,,,,
J1102,91,50,710,1er trimestre 2026,3779,8903,,
J1104,29,30,10,1er trimestre 2026,,,,
J1105,18,,50,1er trimestre 2026,,,,
J1105,2A,,10,1er trimestre 2026,,,,
J1106,81,,0,1er trimestre 2026,,,,
J1107,11,,,,,,,
J1108,06,,,,,,,
J1108,23,,,,,,,
J1108,90,,,,,,,
J1109,65,,,,,,,
J1109,73,,0,1er trimestre 2026,,,,
J1111,2B,0,70,1er trimestre 2026,,,,
J1112,06,0,10,1er trimestre 2026,,,,
J1112,15,,0,1er trimestre 2026,,,,
J1113,55,,,,,,,
J1113,81,,0,1er trimestre 2026,,,,
J1113,85,,10,1er trimestre 2026,,,,
J1114,08,,,,,,,
J1114,13,,30,1er trimestre 2026,,,5,2025
J1114,35,,10,1er trimestre 2026,,,,
J1115,77,,50,1er trimestre 2026,,,,
J1115,88,,30,1er trimestre 2026,,,,
J1116,17,0,40,1er trimestre 2026,,,,
J1116,24,,80,1er trimestre 2026,,,,
J1116,38,0,100,1er trimestre 2026,,,,
J1117,21,,,,,,,
J1117,56,,,,,,,
J1117,57,,0,1er trimestre 2026,,,,
J1117,85,,,,,,,
J1119,22,,60,1er trimestre 2026,,,,
J1120,38,,,,,,,
J1121,02,,10,1er trimestre 2026,,,,
J1121,41,,0,1er trimestre 2026,,,,
J1123,61,,,,,,,
J1128,05,,10,1er trimestre 2026,,,,
J1129,07,,,,,,,
J1129,60,,,,,,,
J1131,14,0,90,1er trimestre 2026,,,,
J1131,973,,20,1er trimestre 2026,,,,
J1132,09,,,,,,,
J1133,02,,0,1er trimestre 2026,,,,
J1133,84,,,,,,,
J1135,25,,10,1er trimestre 2026,,,,
J1135,33,0,10,1er trimestre 2026,,,5,2025
J1136,49,,,,,,,
J1137,02,,,,,,,
J1137,27,,,,,,,
J1137,44,,,,,,,
J1138,22,,,,,,,
J1138,60,,,,,,,
J1139,01,,,,,,,
J1139,31,,,,,,,
J1139,77,,,,,,,
J1140,31,,,,,,,
J1141,31,,,,,,,
J1141,39,,,,,,,
J1141,49,,,,,,,
J1142,60,,,,,,,
J1142,88,,,,,,,
J1201,09,0,,,,,,
J1202,76,70,200,1er trimestre 2026,3000,4694,5,2025
J1204,34,0,0,1er trimestre 2026,,,,
J1204,971,,,,,,,
J1301,63,1150,270,1er trimestre 2026,1802,2254,2,2025
J1301,83,2080,350,1er trimestre 2026,1802,2229,1,2025
J1303,02,20,20,1er trimestre 2026,1802,2365,,
J1303,42,50,30,1er trimestre 2026,1802,2300,4,2025
J1303,76,30,40,1er trimestre 2026,1802,2081,4,2025
J1304,59,1030,620,1er trimestre 2026,1802,2106,1,2025
J1304,66,210,70,1er trimestre 2026,1802,2235,,
J1306,47,0,40,1er trimestre 2026,,,,
J1306,48,0,0,1er trimestre 2026,,,,
J1307,24,40,150,1er trimestre 2026,1830,2333,,
J1308,04,10,0,1er trimestre 2026,,,1,2025
J1308,49,30,10,1er trimestre 2026,,,3,2025
J1308,974,170,0,1er trimestre 2026,,,1,2025
J1309,15,0,,,,,,
J1309,59,60,40,1er trimestre 2026,,,1,2025
J1311,46,,,,,,,
J1312,30,110,70,1er trimestre 2026,1876,2285,3,2025
J1312,32,10,20,1er trimestre 2026,1876,2285,,
J1402,82,10,10,1er trimestre 2026,1802,2525,,
J1403,57,10,150,1er trimestre 2026,2000,2600,,
J1404,41,,210,1er trimestre 2026,2083,3038,,
J1405,31,120,140,1er trimestre 2026,1834,3325,3,2025
J1405,73,30,20,1er trimestre 2026,1844,2917,,
J1406,16,,10,1er trimestre 2026,1917,2600,,
J1406,63,10,30,1er trimestre 2026,2083,3038,,
J1406,971,10,20,1er trimestre 2026,,,,
J1407,07,0,0,1er trimestre 2026,,,,
J1407,08,0,10,1er trimestre 2026,,,,
J1407,60,0,10,1er trimestre 2026,,,,
J1407,92,10,40,1er trimestre 2026,,,,
J1409,33,20,10,1er trimestre 2026,,,,
J1409,77,10,0,1er trimestre 2026,,,,
J1410,19,10,20,1er trimestre 2026,,,,
J1410,83,70,20,1er trimestre 2026,,,,
J1410,972,20,10,1er trimestre 2026,,,,
J1411,11,10,0,1er trimestre 2026,1802,2500,,
J1412,01,20,60,1er trimestre 2026,1956,2632,,
J1412,10,0,10,1er trimestre 2026,,,,
J1413,38,0,,,,,,
J1413,42,,,,,,,
J1414,29,0,,,,,,
J1416,25,,,,,,,
J1501,11,460,760,1er trimestre 2026,1802,2450,3,2025
J1501,94,1240,900,1er trimestre 2026,1802,2437,3,2025
J1502,43,10,70,1er trimestre 2026,1802,3750,,
J1503,18,0,100,1er trimestre 2026,,,,
J1504,87,0,50,1er trimestre 2026,1900,2923,,
J1505,39,0,0,1er trimestre 2026,,,,
J1505,63,0,10,1er trimestre 2026,,,,
J1505,976,0,,,,,,
J1506,79,80,1360,1er trimestre 2026,2083,2950,,
J1508,2A,,,,,,5,2025
J1508,61,,0,1er trimestre 2026,,,,
J1508,973,,0,1er trimestre 2026,,,5,2025
J1509,54,,10,1er trimestre 2026,,,,
J1509,86,0,10,1er trimestre 2026,,,,
J1510,16,10,30,1er trimestre 2026,1802,3083,,
J1510,55,0,10,1er trimestre 2026,2152,3101,,
J1510,63,10,40,1er trimestre 2026,2123,3500,5,2025
J1511,27,0,10,1er trimestre 2026,,,,
J1512,68,20,120,1er trimestre 2026,2300,3000,,
K1101,2A,0,,,,,,
K1102,37,10,20,1er trimestre 2026,1892,2245,,
K1102,75,10,50,1er trimestre 2026,2040,2575,,
K1102,80,,10,1er trimestre 2026,1901,2290,,
K1102,87,0,0,1er trimestre 2026,,,,
K1103,05,40,0,1er trimestre 2026,,,,
K1104,12,30,140,1er trimestre 2026,2059,3699,,
K1104,60,50,230,1er trimestre 2026,2265,3481,,
K1104,73,80,110,1er trimestre 2026,2200,4370,,
K1104,75,460,860,1er trimestre 2026,2167,3600,1,2025
K1106,09,10,,,,,,
K1106,45,30,0,1er trimestre 2026,,,,
K1109,67,,,,,,,
K1109,77,,,,,,,
K1110,13,,,,,,,
K1110,24,,,,,,,
K1111,03,,,,,,,
K1111,43,,,,,,,
K1112,03,,,,,,,
K1112,17,,,,,,,
K1112,58,,,,,,,
K1112,84,,,,,,,
K1113,85,,,,,,,
K1201,11,50,70,1er trimestre 2026,1862,2700,5,2025
K1201,39,20,120,1er trimestre 2026,1850,2594,,
K1201,72,50,150,1er trimestre 2026,1999,2482,5,2025
K1201,91,130,440,1er trimestre 2026,1967,2625,5,2025
K1202,66,70,40,1er trimestre 2026,1900,2580,,
K1203,64,0,10,1er trimestre 2026,1802,2432,,
K1204,15,0,0,1er trimestre 2026,,,,
K1204,46,10,0,1er trimestre 2026,1802,2332,,
K1204,53,20,10,1er trimestre 2026,1802,2460,,
K1205,11,30,20,1er trimestre 2026,1802,2244,,
K1206,05,30,20,1er trimestre 2026,1802,2579,,
K1206,11,70,40,1er trimestre 2026,1802,2400,1,2025
K1206,75,250,140,1er trimestre 2026,1802,2667,1,2025
K1206,82,50,20,1er trimestre 2026,1802,2400,2,2025
K1207,60,150,280,1er trimestre 2026,1820,2333,2,2025
K1207,971,150,30,1er trimestre 2026,,,1,2025
K1208,79,50,100,1er trimestre 2026,1802,2258,,
K1209,21,10,10,1er trimestre 2026,,,4,2025
K1209,23,0,0,1er trimestre 2026,,,,
K1211,10,,10,1er trimestre 2026,,,4,2025
K1211,33,10,10,1er trimestre 2026,,,5,2025
K1211,42,10,0,1er trimestre 2026,,,1,2025
K1212,09,,,,,,,
K1212,15,,,,,,,
K1213,76,50,10,1er trimestre 2026,,,,
K1214,2A,,,,,,,
K1214,41,,,,,,,
K1214,57,0,,,,,,
K1215,24,10,20,1er trimestre 2026,1802,2194,,
K1215,26,10,20,1er trimestre 2026,1802,2332,,
K1215,46,0,0,1er trimestre 2026,,,,
K1215,59,50,90,1er trimestre 2026,1900,2190,2,2025
K1215,75,0,70,1er trimestre 2026,1819,2700,,
K1217,34,80,70,1er trimestre 2026,1802,2240,1,2025
K1217,76,60,60,1er trimestre 2026,,,3,2025
K1217,79,20,70,1er trimestre 2026,1802,2410,,
K1217,90,20,0,1er trimestre 2026,,,,
K1218,31,,10,1er trimestre 2026,,,4,2025
K1218,42,,,,,,4,2025
K1218,80,,,,,,2,2025
K1219,17,0,10,1er trimestre 2026,,,2,2025
K1220,77,10,0,1er trimestre 2026,,,,
K1222,12,,0,1er trimestre 2026,,,,
K1222,19,,,,,,,
K1222,27,,0,1er trimestre 2026,,,,
K1222,2A,,,,,,,
K1222,50,,0,1er trimestre 2026,,,,
K1222,58,,,,,,,
K1223,11,,,,,,,
K1223,14,,0,1er trimestre 2026,,,3,2025
K1223,54,,,,,,2,2025
K1223,83,,0,1er trimestre 2026,,,4,2025
K1223,974,,,,,,1,2025
K1224,56,10,20,1er trimestre 2026,1820,2365,4,2025
K1226,02,0,,,,,,
K1226,12,0,,,,,,
K1226,972,0,,,,,1,2025
K1227,09,,,,,,,
K1227,30,,,,,,2,2025
K1227,43,,,,,,,
K1227,83,,0,1er trimestre 2026,,,4,2025
K1228,79,,,,,,,
K1228,83,,,,,,,
K1228,972,,,,,,,
K1229,976,,,,,,,
K1230,87,,,,,,,
K1302,39,80,50,1er trimestre 2026,1802,2200,5,2025
K1302,46,70,20,1er trimestre 2026,1802,2330,4,2025
K1302,75,570,640,1er trimestre 2026,1802,2069,5,2025
K1304,03,910,670,1er trimestre 2026,1802,1972,2,2025
K1304,71,1180,1250,1er trimestre 2026,1802,1919,3,2025
K1305,10,10,10,1er trimestre 2026,1802,2175,,
K1305,67,20,70,1er trimestre 2026,1802,2175,,
K1305,73,10,60,1er trimestre 2026,1802,2249,,
K1305,83,50,100,1er trimestre 2026,1802,2169,,
K1306,19,100,260,1er trimestre 2026,1802,2272,5,2025
K1307,40,230,30,1er trimestre 2026,1802,2054,4,2025
K1308,87,130,0,1er trimestre 2026,1802,2100,4,2025
K1309,18,10,0,1er trimestre 2026,,,5,2025
K1309,29,40,0,1er trimestre 2026,,,2,2025
K1310,14,560,30,1er trimestre 2026,,,3,2025
K1311,21,320,1080,1er trimestre 2026,1802,2038,5,2025
K1311,28,500,1110,1er trimestre 2026,1802,1955,5,2025
K1312,51,,0,1er trimestre 2026,,,5,2025
K1312,94,0,,,,,5,2025
K1313,85,0,,,,,4,2025
K1401,04,,,,,,,
K1401,05,0,0,1er trimestre 2026,,,,
K1401,2B,0,,,,,,
K1401,45,0,10,1er trimestre 2026,,,,
K1401,46,,0,1er trimestre 2026,,,,
K1402,33,10,10,1er trimestre 2026,,,,
K1404,25,10,10,1er trimestre 2026,,,,
K1404,2A,0,0,1er trimestre 2026,,,,
K1404,50,20,0,1er trimestre 2026,,,,
K1404,81,20,10,1er trimestre 2026,,,,
K1405,07,,,,,,,
K1405,83,,,,,,,
K1405,974,,,,,,,
K1406,55,0,0,1er trimestre 2026,,,,
K1406,84,0,,,,,,
K1407,75,60,140,1er trimestre 2026,2209,5083,,
K1408,05,0,10,1er trimestre 2026,,,,
K1408,63,20,60,1er trimestre 2026,1820,2900,,
K1410,71,,,,,,,
K1410,74,,,,,,,
K1414,42,0,,,,,,
K1415,07,0,0,1er trimestre 2026,,,,
K1415,17,0,0,1er trimestre 2026,,,,
K1415,44,20,10,1er trimestre 2026,,,,
K1415,52,,,,,,,
K1415,972,,,,,,,
K1417,28,,0,1er trimestre 2026,,,,
K1417,31,0,30,1er trimestre 2026,,,,
K1417,84,0,10,1er trimestre 2026,,,,
K1418,62,,10,1er trimestre 2026,,,,
K1419,57,,,,,,,
K1419,86,,,,,,,
K1420,03,,,,,,,
K1420,22,,,,,,,
K1420,55,,,,,,,
K1420,63,,,,,,,
K1420,87,,,,,,,
K1421,15,,0,1er trimestre 2026,,,,
K1421,73,,0,1er trimestre 2026,,,,
K1422,52,,10,1er trimestre 2026,,,,
K1422,58,,0,1er trimestre 2026,,,,
K1423,71,,,,,,,
K1424,26,,,,,,,
K1425,40,,,,,,,
K1425,69,,,,,,,
K1425,84,,,,,,,
K1501,15,,,,,,,
K1501,30,10,0,1er trimestre 2026,,,,
K1501,73,,0,1er trimestre 2026,1850,2300,,
K1503,22,0,,,,,,
K1503,24,,,,,,,
K1503,64,,,,,,,
K1503,92,0,0,1er trimestre 2026,,,,
K1504,17,,,,,,,
K1504,54,,,,,,,
K1504,64,,,,,,,
K1505,90,,,,,,,
K1505,91,0,10,1er trimestre 2026,,,,
K1506,26,,,,,,,
K1507,33,,,,,,,
K1507,55,,,,,,,
K1507,70,,,,,,,
K1508,46,,,,,,,
K1509,57,,,,,,,
K1509,60,,,,,,,
K1510,21,,,,,,,
K1511,14,,,,,,,
K1511,16,,,,,,,
K1511,90,,,,,,,
K1511,93,0,,,,,,
K1512,36,,,,,,,
K1512,38,,,,,,,
K1513,10,,,,,,,
K1514,04,,,,,,,
K1515,72,,,,,,,
K1601,17,60,20,1er trimestre 2026,1802,2923,,
K1601,47,10,10,1er trimestre 2026,1802,2923,,
K1601,56,60,30,1er trimestre 2026,1802,2444,,
K1601,71,30,20,1er trimestre 2026,1802,2800,,
K1604,14,0,0,1er trimestre 2026,,,,
K1604,44,0,10,1er trimestre 2026,,,,
K1605,07,10,,,,,,
K1605,38,0,,,,,,
K1606,14,,,,,,,
K1607,04,,,,,,,
K1607,974,,,,,,,
K1608,2A,,,,,,,
K1608,32,,,,,,,
K1608,39,,,,,,,
K1608,55,,,,,,,
K1609,75,,,,,,,
K1612,10,,,,,,,
K1612,44,,,,,,,
K1612,971,,,,,,,
K1614,50,,,,,,,
K1614,74,,,,,,,
K1701,81,60,0,1er trimestre 2026,,,,
K1702,21,0,0,1er trimestre 2026,,,,
K1702,48,,,,,,,
K1703,41,0,0,1er trimestre 2026,,,,
K1703,47,,0,1er trimestre 2026,,,,
K1703,64,,10,1er trimestre 2026,,,,
K1705,06,100,20,1er trimestre 2026,,,,
K1705,88,20,10,1er trimestre 2026,1802,2300,,
K1706,12,20,0,1er trimestre 2026,,,,
K1707,54,20,10,1er trimestre 2026,,,,
K1707,63,10,10,1er trimestre 2026,1802,2333,,
K1709,80,,,,,,,
K1709,973,,,,,,,
K1710,16,0,,,,,,
K1710,46,0,,,,,,
K1711,09,0,,,,,,
K1711,78,0,,,,,,
K1712,03,,,,,,,
K1712,31,,,,,,,
K1712,58,,,,,,,
K1712,62,,,,,,,
K1713,55,,,,,,,
K1713,92,,0,1er trimestre 2026,,,,
K1714,46,,,,,,,
K1714,72,,,,,,,
K1714,86,,,,,,,
K1715,28,,,,,,,
K1715,61,,,,,,,
K1716,2B,,,,,,,
K1716,976,,,,,,,
K1717,32,,,,,,,
K1717,47,,,,,,,
K1719,40,,,,,,,
K1719,92,,0,1er trimestre 2026,,,,
K1720,93,,0,1er trimestre 2026,,,,
K1723,95,,0,1er trimestre 2026,,,4,2025
K1724,25,0,,,,,,
K1724,2A,,,,,,,
K1724,69,,,,,,,
K1724,82,,,,,,,
K1725,71,,,,,,,
K1726,17,0,,,,,,
K1727,56,,,,,,,
K1728,62,,,,,,,
K1728,65,,,,,,,
K1728,92,,0,1er trimestre 2026,,,,
K1729,78,,0,1er trimestre 2026,,,,
K1730,06,,,,,,,
K1730,26,0,,,,,,
K1730,93,,,,,,,
K1731,42,,,,,,,
K1731,68,0,0,1er trimestre 2026,,,,
K1732,75,,0,1er trimestre 2026,,,,
K1733,26,,,,,,,
K1733,29,,,,,,,
K1734,25,,,,,,,
K1734,26,,0,1er trimestre 2026,,,,
K1734,66,,,,,,,
K1734,81,,,,,,,
K1735,08,,0,1er trimestre 2026,,,,
K1736,16,,,,,,,
K1736,69,,,,,,,
K1737,15,,,,,,,
K1739,51,,,,,,,
K1740,40,,,,,,,
K1743,05,,,,,,,
K1743,39,,,,,,,
K1743,72,,,,,,,
K1744,50,,,,,,,
K1745,27,,,,,,,
K1745,76,,,,,,,
K1745,82,,,,,,,
K1746,77,,,,,,,
K1746,79,,,,,,,
K1746,83,,,,,,,
K1747,05,,,,,,,
K1747,14,,,,,,,
K1747,16,,,,,,,
K1747,53,,,,,,,
K1748,12,,,,,,,
K1748,69,,,,,,,
K1748,76,,,,,,,
K1801,26,100,60,1er trimestre 2026,1843,2400,,
K1802,02,10,20,1er trimestre 2026,1850,2395,,
K1802,72,30,30,1er trimestre 2026,1851,2716,,
K1803,23,,0,1er trimestre 2026,,,,
K1803,61,,,,,,,
K1803,72,,,,,,,
K1803,83,0,,,,,,
K1804,36,0,10,1er trimestre 2026,,,,
K1807,02,0,,,,,,
K1807,35,30,10,1er trimestre 2026,,,,
K1808,13,130,0,1er trimestre 2026,,,,
K1809,45,,0,1er trimestre 2026,,,,
K1811,16,0,10,1er trimestre 2026,,,,
K1811,33,20,20,1er trimestre 2026,,,,
K1811,40,10,0,1er trimestre 2026,,,,
K1811,50,10,10,1er trimestre 2026,,,,
K1811,55,,10,1er trimestre 2026,,,,
K1812,10,,0,1er trimestre 2026,,,,
K1812,40,10,0,1er trimestre 2026,,,,
K1812,46,,0,1er trimestre 2026,,,,
K1812,57,0,20,1er trimestre 2026,,,,
K1813,16,,,,,,,
K1813,86,,,,,,,
K1814,46,,0,1er trimestre 2026,,,,
K1814,74,,10,1er trimestre 2026,,,5,2025
K1814,89,0,0,1er trimestre 2026,,,,
K1815,2B,,,,,,,
K1815,65,0,,,,,,
K1815,73,10,0,1er trimestre 2026,,,,
K1815,76,10,10,1er trimestre 2026,,,4,2025
K1815,89,0,0,1er trimestre 2026,,,,
K1816,65,,,,,,,
K1816,88,,,,,,,
K1816,974,,,,,,,
K1817,21,,,,,,,
K1817,26,,,,,,,
K1902,43,10,0,1er trimestre 2026,1802,2692,,
K1903,80,70,90,1er trimestre 2026,,,,
K1905,06,10,,,,,,
K1905,40,,,,,,,
K1906,29,0,0,1er trimestre 2026,,,1,2025
K1907,17,,,,,,,
K1908,32,0,,,,,,
K1908,56,,0,1er trimestre 2026,,,,
K1909,45,0,,,,,,
K1910,12,,,,,,,
K1910,68,,0,1er trimestre 2026,,,,
K1911,52,,,,,,,
K1911,55,,,,,,,
K1911,94,,,,,,,
K1912,60,,,,,,,
K1912,67,,,,,,,
K1913,12,,,,,,,
K1913,55,,,,,,,
K1915,33,,,,,,,
K1915,43,,,,,,,
K1915,58,,,,,,,
K1916,15,,,,,,,
K1916,56,,,,,,,
K2101,974,20,80,1er trimestre 2026,,,,
K2102,15,0,0,1er trimestre 2026,,,,
K2102,64,40,20,1er trimestre 2026,1938,3092,,
K2104,46,70,10,1er trimestre 2026,1802,2102,3,2025
K2104,74,180,170,1er trimestre 2026,1802,2000,4,2025
K2106,39,30,10,1er trimestre 2026,,,,
K2106,45,110,20,1er trimestre 2026,1803,3435,,
K2106,82,60,0,1er trimestre 2026,,,,
K2106,83,170,120,1er trimestre 2026,1885,3504,,
K2107,06,500,1290,1er trimestre 2026,1935,3792,5,2025
K2107,25,170,690,1er trimestre 2026,3337,4370,,
K2107,43,60,60,1er trimestre 2026,2478,7658,,
K2108,09,10,,,,,,
K2108,44,170,50,1er trimestre 2026,,,,
K2108,81,10,20,1er trimestre 2026,,,,
K2109,26,10,20,1er trimestre 2026,1903,4596,,
K2110,19,10,40,1er trimestre 2026,1860,2303,,
K2110,42,60,70,1er trimestre 2026,1900,2427,,
K2110,974,100,90,1er trimestre 2026,1802,2123,1,2025
K2112,09,,20,1er trimestre 2026,,,,
K2112,14,0,10,1er trimestre 2026,,,,
K2113,36,60,20,1er trimestre 2026,1802,2458,1,2025
K2114,57,,0,1er trimestre 2026,,,4,2025
K2114,64,0,,,,,1,2025
K2115,49,10,0,1er trimestre 2026,,,3,2025
K2115,971,10,,,,,2,2025
K2116,59,0,,,,,5,2025
K2116,83,0,,,,,2,2025
K2116,93,10,10,1er trimestre 2026,,,1,2025
K2116,971,0,0,1er trimestre 2026,,,,
K2117,11,,0,1er trimestre 2026,,,,
K2117,71,,0,1er trimestre 2026,,,,
K2118,03,0,,,,,,
K2118,21,,0,1er trimestre 2026,,,,
K2119,25,0,10,1er trimestre 2026,,,,
K2119,58,0,,,,,,
K2120,33,10,10,1er trimestre 2026,,,,
K2121,03,,0,1er trimestre 2026,,,,
K2121,60,,0,1er trimestre 2026,,,,
K2121,74,,,,,,,
K2122,23,,10,1er trimestre 2026,,,,
K2122,38,20,310,1er trimestre 2026,1972,3185,5,2025
K2123,16,,,,,,,
K2123,18,0,,,,,,
K2124,06,,,,,,,
K2124,68,,0,1er trimestre 2026,,,,
K2124,87,,,,,,,
K2125,92,20,0,1er trimestre 2026,,,5,2025
K2126,03,,0,1er trimestre 2026,,,,
K2127,53,,0,1er trimestre 2026,,,,
K2127,88,,,,,,5,2025
K2128,95,10,0,1er trimestre 2026,,,1,2025
K2129,18,,,,,,,
K2129,54,20,240,1er trimestre 2026,,,5,2025
K2130,11,10,0,1er trimestre 2026,,,,
K2130,95,30,0,1er trimestre 2026,,,1,2025
K2131,19,,,,,,,
K2131,54,,,,,,5,2025
K2131,70,,,,,,,
K2132,39,0,,,,,5,2025
K2132,77,20,10,1er trimestre 2026,,,1,2025
K2132,80,10,10,1er trimestre 2026,,,2,2025
K2133,64,0,0,1er trimestre 2026,,,,
K2133,83,,0,1er trimestre 2026,,,,
K2134,16,,,,,,,
K2134,23,,,,,,,
K2134,974,,,,,,,
K2135,71,,,,,,,
K2135,76,,,,,,,
K2137,19,0,,,,,3,2025
K2137,31,30,30,1er trimestre 2026,,,1,2025
K2137,89,0,0,1er trimestre 2026,,,1,2025
K2138,09,,,,,,,
K2138,24,,,,,,,
K2138,33,,,,,,5,2025
K2139,2B,,10,1er trimestre 2026,,,,
K2140,15,,,,,,,
K2140,53,,,,,,,
K2140,63,0,,,,,,
K2140,93,0,,,,,,
K2141,30,0,0,1er trimestre 2026,,,,
K2141,66,,,,,,,
K2141,94,,0,1er trimestre 2026,,,1,2025
K2142,52,0,0,1er trimestre 2026,,,,
K2143,72,,,,,,,
K2143,74,0,,,,,,
K2144,13,,,,,,,
K2144,60,,,,,,,
K2144,66,,,,,,,
K2144,974,,,,,,,
K2145,37,0,0,1er trimestre 2026,,,3,2025
K2145,41,,,,,,2,2025
K2146,77,,0,1er trimestre 2026,,,1,2025
K2147,08,,0,1er trimestre 2026,,,,
K2147,77,,60,1er trimestre 2026,,,,
K2148,43,0,0,1er trimestre 2026,,,,
K2148,77,10,10,1er trimestre 2026,,,,
K2201,30,40,90,1er trimestre 2026,1802,1820,,
K2201,89,20,20,1er trimestre 2026,1802,2191,,
K2202,55,0,0,1er trimestre 2026,,,,
K2202,62,30,50,1er trimestre 2026,1802,1972,,
K2202,65,0,10,1er trimestre 2026,1802,2120,,
K2203,26,10,40,1er trimestre 2026,1802,2500,,
K2301,66,10,40,1er trimestre 2026,1745,2417,,
K2301,79,0,30,1er trimestre 2026,1745,2100,,
K2302,01,0,10,1er trimestre 2026,1838,2704,,
K2302,972,0,0,1er trimestre 2026,,,,
K2303,40,20,30,1er trimestre 2026,1802,2048,,
K2303,51,120,70,1er trimestre 2026,1802,1896,2,2025
K2303,57,80,160,1er trimestre 2026,1802,1896,3,2025
K2304,29,40,30,1er trimestre 2026,1802,1952,3,2025
K2305,2B,,,,,,,
K2306,82,10,0,1er trimestre 2026,,,,
K2307,10,40,10,1er trimestre 2026,1708,2000,,
K2308,34,40,40,1er trimestre 2026,1802,2000,1,2025
K2308,76,90,40,1er trimestre 2026,1802,1876,1,2025
K2308,78,70,40,1er trimestre 2026,1802,2000,4,2025
K2309,60,,0,1er trimestre 2026,,,2,2025
K2309,92,10,,,,,5,2025
K2310,73,,0,1er trimestre 2026,,,,
K2311,31,0,10,1er trimestre 2026,,,,
K2311,82,,,,,,,
K2311,94,0,0,1er trimestre 2026,,,,
K2311,976,0,,,,,,
K2312,29,,,,,,,
K2312,58,,,,,,,
K2313,2A,,,,,,,
K2313,74,0,,,,,,
K2314,79,,0,1er trimestre 2026,,,,
K2315,64,,0,1er trimestre 2026,,,,
K2316,35,,10,1er trimestre 2026,,,,
K2317,63,,,,,,,
K2317,85,0,10,1er trimestre 2026,,,,
K2320,72,0,10,1er trimestre 2026,,,,
K2321,02,,0,1er trimestre 2026,,,,
K2321,35,0,0,1er trimestre 2026,,,,
K2321,75,0,,,,,,
K2322,23,0,,,,,,
K2322,50,0,10,1er trimestre 2026,,,,
K2323,24,,0,1er trimestre 2026,,,,
K2323,94,0,10,1er trimestre 2026,,,,
K2324,84,,,,,,,
K2325,38,,,,,,,
K2325,80,,,,,,,
K2401,21,10,0,1er trimestre 2026,,,,
K2401,34,80,10,1er trimestre 2026,,,,
K2401,60,10,10,1er trimestre 2026,,,,
K2403,83,,,,,,,
K2404,19,,0,1er trimestre 2026,,,,
K2404,26,0,10,1er trimestre 2026,,,,
K2407,22,,,,,,,
K2408,68,0,,,,,,
K2408,78,0,0,1er trimestre 2026,,,1,2025
K2410,08,,,,,,,
K2411,93,,,,,,,
K2412,62,,,,,,,
K2413,51,,,,,,,
K2413,59,,,,,,,
K2414,11,,,,,,,
K2414,61,,,,,,,
K2415,31,,,,,,,
K2415,68,,,,,,,
K2415,87,,,,,,,
K2415,976,,,,,,,
K2416,51,,,,,,,
K2416,58,,,,,,,
K2417,09,,,,,,,
K2417,29,,,,,,,
K2419,29,,,,,,,
K2420,19,,,,,,,
K2420,32,,,,,,,
K2420,33,,,,,,,
K2420,49,,,,,,,
K2421,67,,,,,,,
K2421,973,,,,,,,
K2502,2A,0,0,1er trimestre 2026,,,,
K2503,13,4050,1550,1er trimestre 2026,1820,2040,3,2025
K2503,64,440,410,1er trimestre 2026,1845,2093,3,2025
K2504,25,0,,,,,4,2025
K2505,66,0,,,,,,
K2505,72,0,,,,,,
K2505,81,0,,,,,,
K2505,92,0,0,1er trimestre 2026,,,4,2025
K2506,24,10,0,1er trimestre 2026,,,2,2025
K2507,63,10,30,1er trimestre 2026,1794,2242,3,2025
K2508,32,10,,,,,5,2025
K2508,45,10,,,,,5,2025
K2508,81,10,,,,,4,2025
K2508,82,0,,,,,5,2025
K2509,23,,,,,,,
K2511,88,,,,,,,
K2512,04,,,,,,,
K2512,73,,,,,,,
K2513,08,,,,,,,
K2513,976,,,,,,,
K2514,01,,,,,,,
K2514,51,,,,,,,
K2514,76,,,,,,,
K2603,29,10,0,1er trimestre 2026,,,,
K2604,02,,,,,,,
K2604,33,0,0,1er trimestre 2026,,,,
K2605,04,,0,1er trimestre 2026,,,,
K2606,69,,,,,,,
K2606,90,,,,,,,
K2606,973,,,,,,,
L1101,41,10,,,,,,
L1102,10,0,0,1er trimestre 2026,,,,
L1104,43,0,0,1er trimestre 2026,,,,
L1202,24,80,,,,,,
L1202,53,10,0,1er trimestre 2026,,,,
L1202,57,80,,,,,,
L1202,81,130,,,,,,
L1203,11,60,0,1er trimestre 2026,,,,
L1203,54,40,0,1er trimestre 2026,,,,
L1205,33,0,,,,,,
L1205,48,,,,,,,
L1207,973,,,,,,,
L1209,16,,,,,,,
L1210,04,,,,,,,
L1211,45,0,,,,,,
L1212,30,,,,,,,
L1212,976,,,,,,,
L1213,64,,,,,,,
L1213,76,,,,,,,
L1214,03,,,,,,,
L1215,17,,,,,,,
L1215,23,,,,,,,
L1215,63,,,,,,,
L1215,80,,,,,,,
L1215,976,,,,,,,
L1216,13,,,,,,,
L1216,42,,,,,,,
L1301,60,0,,,,,,
L1301,66,0,,,,,,
L1302,88,0,10,1er trimestre 2026,,,,
L1303,60,20,0,1er trimestre 2026,,,,
L1303,80,20,0,1er trimestre 2026,,,,
L1304,27,20,,,,,,
L1304,52,,,,,,,
L1305,68,10,0,1er trimestre 2026,,,,
L1309,65,,,,,,,
L1309,75,,,,,,,
L1309,78,,,,,,,
L1309,92,,,,,,,
L1310,48,,,,,,,
L1311,93,,,,,,,
L1312,40,,,,,,,
L1313,46,,,,,,,
L1314,79,,,,,,,
L1315,62,,,,,,,
L1317,51,,,,,,,
L1317,976,,,,,,,
L1318,68,,,,,,,
L1318,80,,,,,,,
L1319,85,,,,,,,
L1320,78,,,,,,,
L1402,44,,,,,,,
L1402,45,,,,,,,
L1402,91,,0,1er trimestre 2026,,,,
L1501,13,60,0,1er trimestre 2026,,,,
L1502,94,70,,,,,,
L1503,05,,0,1er trimestre 2026,,,,
L1503,28,0,,,,,,
L1504,78,70,40,1er trimestre 2026,,,,
L1505,10,0,,,,,,
L1505,32,10,0,1er trimestre 2026,,,,
L1505,56,20,0,1er trimestre 2026,,,,
L1506,80,0,0,1er trimestre 2026,,,,
L1507,07,40,0,1er trimestre 2026,,,,
L1507,17,40,0,1er trimestre 2026,,,,
L1507,54,50,10,1er trimestre 2026,,,,
L1507,88,30,10,1er trimestre 2026,,,,
L1508,32,20,,,,,,
L1508,39,10,10,1er trimestre 2026,,,,
L1508,69,320,70,1er trimestre 2026,,,1,2025
L1508,78,220,60,1er trimestre 2026,,,,
L1509,04,0,,,,,,
L1509,78,30,0,1er trimestre 2026,,,,
L1509,84,10,,,,,,
L1509,93,160,0,1er trimestre 2026,,,,
L1509,973,0,0,1er trimestre 2026,,,,
L1510,976,,,,,,,
L1511,16,,,,,,,
L1511,24,,0,1er trimestre 2026,,,,
L1511,27,,0,1er trimestre 2026,,,,
L1512,14,10,10,1er trimestre 2026,,,,
L1512,17,10,0,1er trimestre 2026,,,,
L1513,73,0,0,1er trimestre 2026,,,,
L1513,92,20,0,1er trimestre 2026,,,,
L1514,51,0,,,,,,
L1514,92,70,0,1er trimestre 2026,,,1,2025
L1514,971,,,,,,2,2025
L1517,47,,0,1er trimestre 2026,,,,
L1518,27,,,,,,,
L1518,52,,,,,,,
L1519,42,0,,,,,,
L1519,55,,,,,,,
L1520,44,10,,,,,,
L1523,62,,,,,,,
L1524,51,,,,,,,
L1525,17,0,,,,,,
L1525,44,,,,,,,
L1525,87,,,,,,,
L1528,47,,,,,,,
M1101,88,20,60,1er trimestre 2026,1958,3833,,
M1101,90,30,110,1er trimestre 2026,1802,3333,,
M1102,04,0,20,1er trimestre 2026,,,,
M1201,14,20,20,1er trimestre 2026,,,,
M1201,77,140,50,1er trimestre 2026,,,,
M1202,95,160,130,1er trimestre 2026,,,2,2025
M1203,43,30,370,1er trimestre 2026,1833,2917,3,2025
M1204,2B,10,10,1er trimestre 2026,,,,
M1204,59,330,1070,1er trimestre 2026,1802,3750,3,2025
M1204,81,20,40,1er trimestre 2026,2000,4167,,
M1206,53,0,170,1er trimestre 2026,,,,
M1206,81,0,60,1er trimestre 2026,,,,
M1207,09,,0,1er trimestre 2026,,,,
M1207,14,10,40,1er trimestre 2026,,,,
M1207,18,,10,1er trimestre 2026,,,,
M1207,74,20,20,1er trimestre 2026,,,,
M1207,972,10,30,1er trimestre 2026,,,,
M1207,973,0,0,1er trimestre 2026,,,,
M1208,14,0,40,1er trimestre 2026,,,4,2025
M1210,80,,10,1er trimestre 2026,,,,
M1211,27,10,600,1er trimestre 2026,,,,
M1211,42,10,970,1er trimestre 2026,2071,4167,,
M1212,22,,,,,,,
M1212,32,,,,,,,
M1212,43,,,,,,,
M1212,49,,,,,,,
M1212,973,,,,,,,
M1214,53,,0,1er trimestre 2026,,,,
M1214,89,,,,,,,
M1215,23,,,,,,,
M1215,55,,0,1er trimestre 2026,,,,
M1216,25,10,20,1er trimestre 2026,,,,
M1217,72,,,,,,5,2025
M1217,91,0,0,1er trimestre 2026,,,4,2025
M1218,19,,,,,,,
M1219,32,,,,,,,
M1219,85,0,0,1er trimestre 2026,,,,
M1220,42,0,0,1er trimestre 2026,,,,
M1221,42,0,,,,,,
M1222,90,0,,,,,,
M1223,37,10,150,1er trimestre 2026,1900,4583,,
M1223,55,0,10,1er trimestre 2026,,,,
M1223,76,40,260,1er trimestre 2026,,,,
M1226,84,,,,,,,
M1227,10,,,,,,,
M1227,47,,,,,,,
M1301,15,70,10,1er trimestre 2026,,,,
M1302,79,100,170,1er trimestre 2026,,,,
M1302,90,10,80,1er trimestre 2026,,,,
M1303,06,20,10,1er trimestre 2026,,,,
M1303,48,,,,,,,
M1303,54,0,20,1er trimestre 2026,,,,
M1303,81,0,,,,,,
M1304,17,0,10,1er trimestre 2026,,,1,2025
M1304,74,10,20,1er trimestre 2026,,,,
M1304,92,10,50,1er trimestre 2026,,,,
M1305,09,,,,,,,
M1306,47,,,,,,,
M1306,63,,,,,,,
M1401,06,40,50,1er trimestre 2026,1802,1815,,
M1402,85,30,40,1er trimestre 2026,1820,2991,,
M1403,52,,20,1er trimestre 2026,1820,3214,,
M1403,57,10,40,1er trimestre 2026,1820,3214,,
M1404,33,0,10,1er trimestre 2026,,,,
M1404,66,0,0,1er trimestre 2026,,,,
M1405,2A,0,0,1er trimestre 2026,,,,
M1405,68,20,10,1er trimestre 2026,,,,
M1405,89,10,,,,,,
M1406,2B,0,,,,,,
M1407,19,,,,,,,
M1407,43,,,,,,,
M1407,70,,,,,,,
M1407,75,0,0,1er trimestre 2026,,,2,2025
M1407,87,,,,,,,
M1407,90,,,,,,,
M1410,73,0,,,,,,
M1412,12,10,,,,,,
M1412,91,30,10,1er trimestre 2026,,,,
M1413,78,140,30,1er trimestre 2026,,,,
M1414,78,20,20,1er trimestre 2026,,,1,2025
M1415,10,,,,,,,
M1415,27,,,,,,,
M1417,09,,,,,,,
M1417,38,10,10,1er trimestre 2026,,,,
M1417,65,,0,1er trimestre 2026,,,,
M1418,48,,,,,,,
M1419,17,20,10,1er trimestre 2026,,,,
M1419,974,10,10,1er trimestre 2026,,,2,2025
M1420,06,,,,,,,
M1421,54,,10,1er trimestre 2026,,,,
M1423,26,,,,,,,
M1423,48,,,,,,,
M1425,37,,30,1er trimestre 2026,,,,
M1425,40,,20,1er trimestre 2026,,,,
M1425,76,,20,1er trimestre 2026,,,1,2025
M1426,15,,,,,,,
M1426,68,0,0,1er trimestre 2026,,,,
M1427,15,,0,1er trimestre 2026,,,,
M1427,21,0,10,1er trimestre 2026,,,,
M1427,86,,20,1er trimestre 2026,,,,
M1428,77,30,20,1er trimestre 2026,,,,
M1428,86,0,10,1er trimestre 2026,,,,
M1429,57,10,10,1er trimestre 2026,,,,
M1430,971,0,0,1er trimestre 2026,,,1,2025
M1431,2A,,,,,,,
M1432,14,,,,,,,
M1433,18,,,,,,,
M1434,71,,,,,,,
M1435,16,,,,,,,
M1501,04,30,60,1er trimestre 2026,1802,2333,,
M1501,81,120,70,1er trimestre 2026,1802,2343,,
M1502,02,30,130,1er trimestre 2026,1802,2500,,
M1502,15,10,40,1er trimestre 2026,1802,2448,,
M1503,45,80,240,1er trimestre 2026,1946,3750,,
M1503,81,30,50,1er trimestre 2026,,,,
M1504,42,0,30,1er trimestre 2026,,,1,2025
M1504,59,20,80,1er trimestre 2026,,,2,2025
M1505,14,10,10,1er trimestre 2026,,,1,2025
M1505,93,20,20,1er trimestre 2026,,,1,2025
M1508,12,10,10,1er trimestre 2026,,,,
M1509,34,70,260,1er trimestre 2026,1820,2556,1,2025
M1509,36,10,40,1er trimestre 2026,,,,
M1509,69,180,1220,1er trimestre 2026,1820,2991,2,2025
M1510,16,,,,,,,
M1510,57,0,0,1er trimestre 2026,,,4,2025
M1510,71,0,,,,,,
M1511,47,,,,,,,
M1512,27,,10,1er trimestre 2026,,,,
M1512,41,,0,1er trimestre 2026,,,,
M1601,41,440,210,1er trimestre 2026,1802,2179,1,2025
M1602,13,1890,590,1er trimestre 2026,1802,2232,1,2025
M1602,28,460,120,1er trimestre 2026,1802,2163,,
M1602,88,280,70,1er trimestre 2026,1802,2100,,
M1603,45,30,360,1er trimestre 2026,1802,1906,1,2025
M1603,93,180,380,1er trimestre 2026,1802,2004,5,2025
M1604,2A,70,20,1er trimestre 2026,,,2,2025
M1605,52,0,10,1er trimestre 2026,1802,2356,,
M1606,25,10,10,1er trimestre 2026,,,,
M1607,56,1070,540,1er trimestre 2026,1802,2199,1,2025
M1607,68,1210,660,1er trimestre 2026,1802,2131,3,2025
M1608,43,40,20,1er trimestre 2026,1802,2431,,
M1608,86,80,70,1er trimestre 2026,1802,2300,,
M1609,64,300,130,1er trimestre 2026,1802,2160,1,2025
M1609,71,170,140,1er trimestre 2026,1802,2160,,
M1610,54,,0,1er trimestre 2026,,,2,2025
M1611,25,0,10,1er trimestre 2026,,,,
M1611,70,0,0,1er trimestre 2026,,,,
M1611,81,10,0,1er trimestre 2026,1802,2000,,
M1611,95,10,20,1er trimestre 2026,,,2,2025
M1613,07,,,,,,1,2025
M1613,65,0,,,,,1,2025
M1614,26,10,40,1er trimestre 2026,1802,2100,1,2025
M1617,59,0,10,1er trimestre 2026,,,1,2025
M1618,2A,10,0,1er trimestre 2026,,,1,2025
M1618,61,0,10,1er trimestre 2026,,,,
M1619,49,0,0,1er trimestre 2026,,,,
M1620,12,,,,,,,
M1621,84,240,200,1er trimestre 2026,1802,2508,1,2025
M1701,52,0,20,1er trimestre 2026,,,,
M1701,71,10,50,1er trimestre 2026,,,,
M1701,75,100,1420,1er trimestre 2026,1911,3333,3,2025
M1701,92,120,1220,1er trimestre 2026,1911,3333,2,2025
M1702,36,,0,1er trimestre 2026,,,,
M1702,92,70,160,1er trimestre 2026,,,,
M1704,36,20,100,1er trimestre 2026,1802,2244,,
M1706,84,10,10,1er trimestre 2026,,,,
M1707,90,30,40,1er trimestre 2026,2083,4000,,
M1708,70,,,,,,,
M1709,71,,0,1er trimestre 2026,,,,
M1709,86,,,,,,,
M1710,41,,0,1er trimestre 2026,,,,
M1711,50,0,10,1er trimestre 2026,,,,
M1711,53,10,20,1er trimestre 2026,,,,
M1712,11,,,,,,,
M1713,45,,,,,,,
M1713,91,,,,,,1,2025
M1716,29,30,10,1er trimestre 2026,,,,
M1717,36,,,,,,,
M1717,68,0,0,1er trimestre 2026,,,,
M1717,94,0,10,1er trimestre 2026,,,2,2025
M1718,13,60,50,1er trimestre 2026,,,1,2025
M1718,28,0,10,1er trimestre 2026,,,,
M1718,40,20,0,1er trimestre 2026,,,,
M1718,50,0,0,1er trimestre 2026,,,,
M1718,80,10,,,,,,
M1719,30,,,,,,,
M1719,74,,,,,,,
M1721,35,,,,,,,
M1721,42,,,,,,,
M1721,84,,,,,,,
M1721,93,,,,,,,
M1722,23,,,,,,,
M1722,50,,,,,,,
M1802,22,10,10,1er trimestre 2026,,,,
M1802,48,,0,1er trimestre 2026,,,,
M1802,59,70,570,1er trimestre 2026,,,2,2025
M1804,11,0,20,1er trimestre 2026,,,,
M1805,62,200,100,1er trimestre 2026,1802,3750,2,2025
M1806,74,60,130,1er trimestre 2026,2180,3500,,
M1807,68,0,10,1er trimestre 2026,,,,
M1808,04,0,0,1er trimestre 2026,,,,
M1808,53,10,0,1er trimestre 2026,,,,
M1808,75,50,120,1er trimestre 2026,,,5,2025
M1809,16,,,,,,,
M1810,62,180,120,1er trimestre 2026,1804,24000,,
M1810,71,50,80,1er trimestre 2026,1802,2333,,
M1810,82,20,30,1er trimestre 2026,1815,2759,,
M1811,29,20,60,1er trimestre 2026,,,,
M1811,2A,0,0,1er trimestre 2026,,,,
M1811,87,10,0,1er trimestre 2026,,,,
M1812,09,,,,,,,
M1812,17,0,10,1er trimestre 2026,,,,
M1812,57,0,10,1er trimestre 2026,,,,
M1814,11,0,0,1er trimestre 2026,,,2,2025
M1814,22,0,10,1er trimestre 2026,,,1,2025
M1815,66,,,,,,3,2025
M1817,06,10,10,1er trimestre 2026,,,4,2025
M1817,80,10,0,1er trimestre 2026,,,,
M1818,08,0,0,1er trimestre 2026,,,,
M1819,06,10,60,1er trimestre 2026,,,4,2025
M1820,17,,0,1er trimestre 2026,,,,
M1821,17,,,,,,2,2025
M1821,49,0,10,1er trimestre 2026,,,5,2025
M1822,38,30,460,1er trimestre 2026,2333,3750,5,2025
M1822,82,10,10,1er trimestre 2026,,,,
M1824,17,,10,1er trimestre 2026,,,2,2025
M1825,19,,,,,,,
M1825,57,,0,1er trimestre 2026,,,,
M1828,72,10,40,1er trimestre 2026,,,,
M1829,971,,,,,,,
M1830,23,,,,,,,
M1830,52,,,,,,,
M1832,21,,,,,,3,2025
M1833,69,0,10,1er trimestre 2026,,,5,2025
M1833,88,,,,,,,
M1833,93,0,0,1er trimestre 2026,,,2,2025
M1834,93,90,90,1er trimestre 2026,,,3,2025
M1835,58,,,,,,,
M1836,03,,0,1er trimestre 2026,,,,
M1836,22,0,10,1er trimestre 2026,,,1,2025
M1836,49,0,30,1er trimestre 2026,,,5,2025
M1836,82,0,0,1er trimestre 2026,,,5,2025
M1837,23,,,,,,,
M1838,80,0,10,1er trimestre 2026,,,,
M1838,94,70,60,1er trimestre 2026,2618,5833,4,2025
M1839,04,,,,,,,
M1841,86,0,30,1er trimestre 2026,,,5,2025
M1842,27,,,,,,5,2025
M1844,50,0,0,1er trimestre 2026,,,5,2025
M1845,35,,,,,,3,2025
M1847,06,0,0,1er trimestre 2026,,,4,2025
M1847,73,,,,,,,
M1848,41,,,,,,4,2025
M1848,68,,,,,,5,2025
M1849,02,,,,,,,
M1849,35,,10,1er trimestre 2026,,,2,2025
M1850,23,,,,,,,
M1850,41,,,,,,,
M1850,56,0,0,1er trimestre 2026,,,,
M1851,32,,,,,,,
M1852,06,50,70,1er trimestre 2026,,,5,2025
M1852,60,10,0,1er trimestre 2026,,,5,2025
M1852,69,50,290,1er trimestre 2026,,,5,2025
M1852,76,10,30,1er trimestre 2026,,,2,2025
M1853,15,,10,1er trimestre 2026,2175,4083,,
M1854,38,50,110,1er trimestre 2026,,,2,2025
M1856,14,20,10,1er trimestre 2026,,,,
M1856,26,0,10,1er trimestre 2026,,,,
M1856,28,0,0,1er trimestre 2026,,,,
M1856,56,10,10,1er trimestre 2026,,,,
M1858,03,,,,,,,
M1859,10,,0,1er trimestre 2026,,,2,2025
M1859,15,,,,,,,
M1859,34,0,30,1er trimestre 2026,,,3,2025
M1859,94,10,50,1er trimestre 2026,,,2,2025
M1860,63,,10,1er trimestre 2026,,,,
M1860,973,0,10,1er trimestre 2026,,,,
M1861,03,10,10,1er trimestre 2026,2100,4167,,
M1861,65,10,0,1er trimestre 2026,,,,
M1861,81,40,10,1er trimestre 2026,,,3,2025
M1862,41,0,,,,,,
M1862,77,,0,1er trimestre 2026,,,1,2025
M1862,83,0,0,1er trimestre 2026,,,,
M1863,03,,10,1er trimestre 2026,,,,
M1863,22,0,10,1er trimestre 2026,,,,
M1865,02,0,,,,,,
M1865,32,,,,,,,
M1865,38,,,,,,5,2025
M1867,05,0,10,1er trimestre 2026,,,,
M1868,78,0,70,1er trimestre 2026,,,5,2025
M1868,81,,0,1er trimestre 2026,,,,
M1870,30,,0,1er trimestre 2026,,,,
M1871,64,,0,1er trimestre 2026,,,,
M1873,16,,0,1er trimestre 2026,,,,
M1874,11,,0,1er trimestre 2026,,,,
M1874,44,,30,1er trimestre 2026,,,5,2025
M1876,15,,,,,,,
M1876,19,,,,,,,
M1876,37,,0,1er trimestre 2026,,,,
M1876,78,0,0,1er trimestre 2026,,,2,2025
M1877,48,,,,,,,
M1878,18,,0,1er trimestre 2026,,,,
M1878,28,,0,1er trimestre 2026,,,,
M1878,49,0,20,1er trimestre 2026,,,3,2025
M1879,31,10,50,1er trimestre 2026,,,2,2025
M1879,63,0,,,,,,
M1880,10,,0,1er trimestre 2026,,,,
M1880,15,,,,,,,
M1880,76,,10,1er trimestre 2026,,,1,2025
M1881,62,10,30,1er trimestre 2026,,,,
M1881,82,0,0,1er trimestre 2026,,,,
M1882,25,,0,1er trimestre 2026,,,,
M1882,72,,0,1er trimestre 2026,,,,
M1883,85,0,,,,,5,2025
M1884,25,0,10,1er trimestre 2026,,,,
M1884,82,,10,1er trimestre 2026,,,,
M1885,37,0,10,1er trimestre 2026,,,,
M1888,13,,,,,,,
M1888,34,,,,,,,
M1888,49,,,,,,,
M1889,16,0,0,1er trimestre 2026,,,1,2025
M1889,23,,,,,,,
M1889,27,0,0,1er trimestre 2026,,,5,2025
M1889,91,30,30,1er trimestre 2026,,,3,2025
M1891,25,,0,1er trimestre 2026,,,,
M1891,57,,,,,,,
M1891,75,,0,1er trimestre 2026,,,,
M1891,86,,,,,,,
M1892,13,10,90,1er trimestre 2026,,,5,2025
M1893,73,0,0,1er trimestre 2026,,,,
M1894,21,0,10,1er trimestre 2026,,,,
M1896,46,,,,,,,
N1102,70,10,10,1er trimestre 2026,,,,
N1103,37,1500,760,1er trimestre 2026,1802,1901,1,2025
N1103,52,170,80,1er trimestre 2026,1802,1929,1,2025
N1105,24,440,240,1er trimestre 2026,1802,1881,3,2025
N1107,43,,,,,,,
N1107,63,0,,,,,,
N1108,59,0,40,1er trimestre 2026,,,3,2025
N1109,63,0,,,,,,
N1110,04,120,150,1er trimestre 2026,1802,2083,3,2025
N1110,69,1580,3310,1er trimestre 2026,1802,2037,2,2025
N1111,15,,,,,,,
N1111,61,,,,,,,
N1111,67,,0,1er trimestre 2026,,,,
N1113,24,30,70,1er trimestre 2026,1802,1839,1,2025
N1113,2B,10,10,1er trimestre 2026,,,4,2025
N1113,51,120,50,1er trimestre 2026,1802,1805,3,2025
N1114,48,,,,,,,
N1115,46,10,70,1er trimestre 2026,,,1,2025
N1201,14,10,10,1er trimestre 2026,,,,
N1201,63,10,70,1er trimestre 2026,1802,2800,,
N1201,66,10,10,1er trimestre 2026,,,,
N1202,65,,0,1er trimestre 2026,,,,
N1202,74,10,10,1er trimestre 2026,,,,
N1203,14,,0,1er trimestre 2026,,,,
N1203,15,,,,,,,
N1203,17,0,0,1er trimestre 2026,,,,
N1203,52,,,,,,,
N1204,31,10,10,1er trimestre 2026,,,,
N1204,68,10,0,1er trimestre 2026,,,5,2025
N1204,76,10,10,1er trimestre 2026,,,1,2025
N1206,64,,0,1er trimestre 2026,,,,
N1207,93,,20,1er trimestre 2026,,,,
N1208,15,,,,,,,
N1208,42,,0,1er trimestre 2026,,,,
N1208,65,,0,1er trimestre 2026,,,,
N1208,91,0,,,,,,
N1209,65,,,,,,,
N1210,61,,,,,,,
N1301,44,240,860,1er trimestre 2026,1820,3281,4,2025
N1301,54,70,220,1er trimestre 2026,1802,3739,,
N1302,60,10,10,1er trimestre 2026,,,,
N1303,19,30,140,1er trimestre 2026,1802,2427,,
N1303,65,40,170,1er trimestre 2026,1802,2333,,
N1303,94,340,860,1er trimestre 2026,1802,2917,1,2025
N1304,31,10,50,1er trimestre 2026,,,,
N1305,971,,,,,,,
N1307,32,,,,,,,
N1307,43,,,,,,,
N1307,79,,,,,,,
N1308,68,,,,,,,
N2101,2A,50,,,,,,
N2101,88,10,,,,,,
N2102,33,80,100,1er trimestre 2026,1802,2333,,
N2102,37,60,20,1er trimestre 2026,,,,
N2202,46,,0,1er trimestre 2026,,,,
N2202,54,,0,1er trimestre 2026,,,,
N2203,40,10,0,1er trimestre 2026,,,,
N2204,54,,0,1er trimestre 2026,,,,
N2205,05,,,,,,,
N2205,95,10,20,1er trimestre 2026,,,,
N2205,974,10,0,1er trimestre 2026,,,,
N2207,72,0,0,1er trimestre 2026,,,,
N2208,02,,,,,,,
N2209,30,,,,,,,
N2209,52,,,,,,,
N2210,69,,,,,,,
N2211,55,,,,,,,
N2211,976,,,,,,,
N3101,63,10,0,1er trimestre 2026,,,,
N3101,82,0,,,,,,
N3103,31,0,10,1er trimestre 2026,,,,
N3103,39,,,,,,,
N3103,54,,10,1er trimestre 2026,,,,
N3103,73,0,0,1er trimestre 2026,,,,
N3104,47,,,,,,,
N3104,90,,,,,,,
N3104,976,,0,1er trimestre 2026,,,,
N3105,04,,,,,,,
N3108,87,,,,,,,
N3109,05,,,,,,,
N3109,24,,,,,,,
N3109,50,,,,,,,
N3109,84,,,,,,,
N3110,39,,,,,,,
N3111,971,,,,,,,
N3112,53,,,,,,,
N3112,58,,,,,,,
N3112,67,,,,,,,
N3113,66,,,,,,,
N3115,21,,,,,,,
N3116,38,,,,,,,
N3116,81,,,,,,,
N3116,94,,,,,,,
N3117,51,,,,,,,
N3117,75,,,,,,,
N3118,82,,,,,,,
N3118,93,,,,,,,
N3201,21,10,0,1er trimestre 2026,,,,
N3201,25,,0,1er trimestre 2026,,,,
N3201,55,,,,,,,
N3203,2B,10,0,1er trimestre 2026,,,,
N3203,77,0,0,1er trimestre 2026,,,,
N3204,86,,0,1er trimestre 2026,,,,
N3204,88,,,,,,,
N3206,33,,,,,,,
N3207,13,,,,,,,
N3207,90,,,,,,,
N3211,66,,,,,,,
N4101,73,510,1950,1er trimestre 2026,1802,2123,5,2025
N4102,18,0,0,1er trimestre 2026,,,5,2025
N4102,28,10,0,1er trimestre 2026,,,,
N4102,37,20,0,1er trimestre 2026,,,3,2025
N4102,61,0,0,1er trimestre 2026,,,,
N4103,56,100,340,1er trimestre 2026,1820,2083,5,2025
N4103,94,580,340,1er trimestre 2026,1802,2210,3,2025
N4103,973,120,100,1er trimestre 2026,1802,2090,5,2025
N4104,08,10,0,1er trimestre 2026,,,,
N4104,972,50,10,1er trimestre 2026,,,,
N4105,17,1010,330,1er trimestre 2026,1802,1974,3,2025
N4105,28,590,160,1er trimestre 2026,1802,2000,1,2025
N4106,07,,,,,,,
N4106,54,,,,,,,
N4106,93,,0,1er trimestre 2026,,,,
N4107,78,,,,,,1,2025
N4109,56,100,420,1er trimestre 2026,1861,2051,5,2025
N4110,03,,,,,,,
N4110,29,0,10,1er trimestre 2026,,,,
N4110,34,0,0,1er trimestre 2026,,,,
N4110,58,,,,,,,
N4110,75,0,0,1er trimestre 2026,,,,
N4111,47,,0,1er trimestre 2026,,,4,2025
N4111,72,0,10,1er trimestre 2026,,,2,2025
N4112,14,40,10,1er trimestre 2026,1802,1969,5,2025
N4112,19,20,10,1er trimestre 2026,,,,
N4112,48,10,0,1er trimestre 2026,,,,
N4115,49,50,210,1er trimestre 2026,1820,2244,4,2025
N4115,64,60,140,1er trimestre 2026,1802,2083,3,2025
N4115,80,20,60,1er trimestre 2026,1802,2130,3,2025
N4118,10,0,0,1er trimestre 2026,,,4,2025
N4118,18,,,,,,1,2025
N4118,47,,0,1er trimestre 2026,,,2,2025
N4119,23,,,,,,,
N4121,01,0,0,1er trimestre 2026,,,3,2025
N4121,60,0,,,,,2,2025
N4122,03,0,0,1er trimestre 2026,,,2,2025
N4122,26,0,10,1er trimestre 2026,,,1,2025
N4122,974,0,,,,,1,2025
N4123,08,,0,1er trimestre 2026,1664,1900,4,2025
N4123,13,10,30,1er trimestre 2026,1664,2000,2,2025
N4123,61,,,,,,3,2025
N4123,971,0,10,1er trimestre 2026,,,2,2025
N4125,08,,,,,,5,2025
N4127,06,40,20,1er trimestre 2026,,,4,2025
N4127,34,10,20,1er trimestre 2026,,,1,2025
N4127,73,10,10,1er trimestre 2026,,,2,2025
N4128,47,0,10,1er trimestre 2026,,,4,2025
N4129,34,,0,1er trimestre 2026,,,1,2025
N4129,87,,,,,,5,2025
N4130,05,,,,,,2,2025
N4130,17,,,,,,3,2025
N4130,35,0,,,,,3,2025
N4130,73,,,,,,4,2025
N4130,971,,,,,,2,2025
N4134,88,,,,,,,
N4135,54,,,,,,,
N4201,23,,10,1er trimestre 2026,1996,3333,,
N4202,49,0,20,1er trimestre 2026,,,,
N4203,06,30,150,1er trimestre 2026,1802,2519,,
N4203,83,40,90,1er trimestre 2026,1802,2519,,
N4204,73,10,40,1er trimestre 2026,1820,2600,,
N4204,79,0,10,1er trimestre 2026,1802,2308,,
N4205,13,,,,,,,
N4301,57,10,70,1er trimestre 2026,,,,
N4301,64,0,10,1er trimestre 2026,,,,
N4302,46,,0,1er trimestre 2026,,,,
N4302,72,0,20,1er trimestre 2026,,,,
N4303,07,,,,,,,
N4303,13,,0,1er trimestre 2026,,,,
N4303,35,,0,1er trimestre 2026,,,,
N4304,01,,0,1er trimestre 2026,,,,
N4304,21,,0,1er trimestre 2026,,,,
N4304,23,,,,,,,
N4305,08,,,,,,,
N4305,14,,,,,,,
N4305,89,,,,,,,
N4306,14,,,,,,,
N4402,54,,20,1er trimestre 2026,,,,
N4402,79,0,,,,,,
N4402,94,0,60,1er trimestre 2026,1800,1846,,
N4403,02,0,,,,,,
N4403,41,20,0,1er trimestre 2026,,,,
N4403,84,10,0,1er trimestre 2026,,,,
N4406,23,,,,,,,
N4406,90,,,,,,,
