interest_id,interestLabel,interestLabelUrl
1,"J'ai envie de créer, construire, rénover",ai-envie-de-creer-construire-renover
2,J'ai l'âme d'un chef / d'une cheffe,ai-ame-un-chef-une-cheffe
3,J'ai le sens des affaires,ai-le-sens-des-affaires
4,J'ai le sens du contact,ai-le-sens-du-contact
5,J'ai le sens du service public,ai-le-sens-du-service-public
6,J'ai le souci du détail,ai-le-souci-du-detail
7,J'ai un bon coup de crayon,ai-un-bon-coup-de-crayon
8,"J'aime communiquer, convaincre",aime-communiquer-convaincre
10,J'aime faire des découvertes,aime-faire-des-decouvertes
11,"J'aime faire respecter la loi, les règles",aime-faire-respecter-la-loi-les-regles
12,J'aime jouer avec les mots,aime-jouer-avec-les-mots
13,J'aime l'activité physique,aime-activite-physique
14,J'aime le travail manuel,aime-le-travail-manuel
17,J'aime m'occuper des animaux,aime-occuper-des-animaux
15,J'aime manier les chiffres,aime-manier-les-chiffres
16,J'aime me déplacer et voyager,aime-me-deplacer-et-voyager
18,"J'aime organiser, planifier",aime-organiser-planifier
19,"J'aime piloter, conduire",aime-piloter-conduire
9,J'aime être au contact de la nature,aime-etre-au-contact-de-la-nature
20,Je souhaite contribuer à la protection de l'environnement,je-souhaite-contribuer-a-la-protection-de-environnement
21,Je souhaite m'occuper d'enfants,je-souhaite-occuper-enfants
22,Je souhaite prendre soin des autres,je-souhaite-prendre-soin-des-autres
23,Je souhaite protéger et secourir,je-souhaite-proteger-et-secourir
24,Je souhaite transmettre,je-souhaite-transmettre
25,Je suis amateur / amatrice de sensations fortes,je-suis-amateur-amatrice-de-sensations-fortes
26,Je suis attiré / attirée par l'envers du décor,je-suis-attire-attiree-par-envers-du-decor
27,Je suis passionné / passionnée par la cuisine,je-suis-passionne-passionnee-par-la-cuisine
28,Je suis passionné / passionnée par les autres cultures,je-suis-passionne-passionnee-par-les-autres-cultures
29,Je suis passionné / passionnée par les nouvelles technologies,je-suis-passionne-passionnee-par-les-nouvelles-technologies
30,Je suis un / une artiste,je-suis-un-une-artiste
